lexeme,stem,class
bẹ¹nt’i,bẹnt’i,Ib
bë²-ndu²-mbʉ¹²i,bëndumbʉi,Ib
bë²nna²-te,bënnate,Ib
bë¹²ni,bëni,Ib
bo²ngi,bongi,Ib
ma²xt’i,maxt’i,Ib
ma¹,ma,Ib
ma¹²hi,mahi,Ib
ma¹di,madi,Ib
ma¹ki,maki,Ib
ma¹m-ma²nho,mammanho,Ib
ma¹n=tho,mantho,Ib
ma¹ti,mati,Ib
me¹²pya,mepya,Ib
mi¹²hi,mihi,Ib
mi¹t’i,mit’i,Ib
mi¹ʔts’i,miʔts’i,Ib
mu²ʔts’i,muʔts’i,Ib
mu¹²,mu,Ib
mu¹²i,mui,Ib
mu¹nni,munni,Ib
mu¹t’i,mut’i,Ib
nde²,nde,Ib
ndø²m-ma²nsu,ndømmansu,Ib
ne¹²hi,nehi,Ib
ne¹ni,neni,Ib
ne¹ti,neti,Ib
ne¹t’a¹-hạ¹²i,net’ahại,Ib
ne¹t’i,net’i,Ib
ne¹ʔmi,neʔmi,Ib
ne¹ʔts’i,neʔts’i,Ib
ne¹ʔt’i,neʔt’i,Ib
nu²-do²ndo,nudondo,Ib
nu²-do²ndo¹-bi,nudondobi,Ib
nu²-hạ¹²i,nuhại,Ib
nu²-hyo¹ya,nuhyoya,Ib
nu²-jä¹ʔi,nujäʔi,Ib
nu²-ma²nho,numanho,Ib
nu²-ma²nsu,numansu,Ib
nu²-ma²nʔʉ,numanʔʉ,Ib
nu²r-bi,nurbi,Ib
nu¹²,nu,Ib
wä¹²hi,wähi,Ib
wä¹-pi,wäpi,Ib
ya¹²xt’i,yaxt’i,Ib
ya¹²ʔts’i,yaʔts’i,Ib
yä¹²fi,yäfi,Ib
yä¹²ni,yäni,Ib
ye²ʔmi,yeʔmi,Ib
yë¹gi,yëgi,Ib
yu¹ts’i,yuts’i,Ib
zo²fo,zofo,Ib
zo²hni,zohni,Ib
zo²m-ma²nho,zommanho,Ib
mi²,mi,Ib
n=pi¹²di,pidi,II
n=bø²m-mbe,bømmbe,II
n=bø²ni,bøni,II
n=ma²nxa,manxa,II
n=ma²ʔt’i,maʔt’i,II
n=mu¹²-pa,mupa,II
n=pạ¹,pạ,II
n=pë¹,pë,II
n=pï²ts’i,pïts’i,II
n=pø²nga¹-hyä,pøngahyä,II
n=pø²ʔt’e,pøʔt’e,II
n=pø²ts’e,pøts’e,II
n=ʔbạ¹²i,ʔbại,II
n=ʔbạ²n-yä,ʔbạnyä,II
n=ʔbẹ²-mfo,ʔbẹmfo,II
n=ʔbẹ²ni,ʔbẹni,II
n=ʔbʉ²i,ʔbʉi,II
n=ʔbʉ¹²t’i,ʔbʉt’i,II
n=ʔạ²-thä,ʔạthä,II
n=ʔa¹²ki,ʔaki,II
n=ʔạ²-fạ²di,ʔạfạdi,II
n=ʔạ²di,ʔạdi,II
n=ʔä²gi,ʔägi,II
n=ʔa²nni,ʔanni,II
n=ʔạ²nni,ʔạnni,II
n=ʔa²ts’i,ʔats’i,II
n=ʔạ²ts’i,ʔạts’i,II
n=ʔạ¹ʔts’a¹-hu¹²di,ʔạʔts’ahudi,II
n=dä¹n-yä¹hmu,dänyähmu,II
n=dä²n-nde,dännde,II
n=dẹ²ki,dẹki,II
n=do¹²ki,doki,II
n=du²-ma²nhyʉ,dumanhyʉ,II
n=du²-tsẹ,dutsẹ,II
n=du¹,du,II
n=du²-thä,duthä,II
n=du¹-ʔbẹ¹ni,duʔbẹni,II
n=du²pa²-te,dupate,II
n=du¹-yä,duyä,II
n=ʔë²x-te,ʔëxte,II
n=ʔë²ni,ʔëni,II
n=gä²-yä,gäyä,II
n=ga¹²ti,gati,II
n=gä²t’i,gät’i,II
n=gø²tsu,gøtsu,II
n=gʉ²-fo,gʉfo,II
n=gʉ²zʉ,gʉzʉ,II
n=hä²-t’ʉ²hni,hät’ʉhni,II
n=hë²,hë,II
n=jä²ʔi,jäʔi,II
n=jo¹ki,joki,II
n=kạ¹²hmi,kạhmi,II
n=kwẹ¹,kwẹ,II
n=k’o²ʔmi,k’oʔmi,II
n=k’o²ʔts’i,k’oʔts’i,II
n=k’o¹²mmi,k’ommi,II
n=k’ʉ²ʔts’i,k’ʉʔts’i,II
n=k’ʉ¹²nt’i,k’ʉnt’i,II
n=nda²nni,ndanni,II
n=nu²-te,nute,II
n=nu²-ʔbẹ¹thä¹²ni,nuʔbẹthäni,II
n=ʔø²ts’e,ʔøts’e,II
n=ʔo²xi,ʔoxi,II
n=ʔø²x-te,ʔøxte,II
n=te¹,te,II
n=the²ge,thege,II
n=thë²-ndo,thëndo,II
n=to²ʔt’i,toʔt’i,II
n=tsa²-ngu²ru,tsanguru,II
n=tsu¹,tsu,II
n=ts’ạ²-mbʉ¹²i,ts’ạmbʉi,II
n=ts’ʉ²-pi,ts’ʉpi,II
n=ts’ʉ²nt’ʉ,ts’ʉnt’ʉ,II
n=ts’ʉ¹-t’a¹bi,ts’ʉt’abi,II
n=t’ʉ²nts’i,t’ʉnts’i,II
n=t’ʉ²nts’i,t’ʉnts’i,II
n=t’ʉ²ngi,t’ʉngi,II
n=xä²ʔmi,xäʔmi,II
n=xä¹ta¹-ʔyo,xätaʔyo,II
n=xa¹-ʔyo²re,xaʔyore,II
n=xạ¹ʔa¹-ʔyo,xạʔaʔyo,II
n=xʉ²t’i,xʉt’i,II
n=ya²xi,yaxi,II
n=yo¹-jä¹ʔi,yojäʔi,II
n=zạ²-ma²nʔʉ,zạmanʔʉ,II
n=zä¹²i,zäi,II
n=za¹t’i,zat’i,II
n=za¹ʔa¹-ʔyo,zaʔaʔyo,II
n=zẹ²ʔmi,zẹʔmi,II
n=zi²-b-de,zibde,II
n=zi²-m-xu²di,zimxudi,II
n=ʔda²ʔts’i,ʔdaʔts’i,II
n=ʔdo²ʔts’i,ʔdoʔts’i,II
n=ʔdø²nts’i,ʔdønts’i,II
n=ʔwa¹t’i,ʔwat’i,II
n=ʔwẹ²di,ʔwẹdi,II
n=ʔwï¹,ʔwï,II
n=ʔyä²nt’ʉ,ʔyänt’ʉ,II
n=ʔyë²hë,ʔyëhë,II
n=ʔyë²-te,ʔyëte,II
n=ʔyo²-ma²nxi,ʔyomanxi,II
n=ʔyo¹²hʉ,ʔyohʉ,II
n=ʔyo¹²wi,ʔyowi,II
n=ʔyʉ¹,ʔyʉ,II
n=do²ka¹-ʔbạ¹²i,dokaʔbại,II
n=ʔwa¹t’a¹-ʔyo,ʔwat’aʔyo,II
n=ʔyu²ts’i,ʔyuts’i,II
n=gẹ²skẹ,gẹskẹ,II
n=k’ʉ¹²nts’i,k’ʉnts’i,II
n=thë²n-the,thënthe,II
n=thʉ²ʔts’a¹-t’ä¹hä,thʉʔts’at’ähä,II
n=ts’ʉ²k-pi,ts’ʉkpi,II
n=dä¹nni,dänni,IV
n=gø¹²xt’e,gøxt’e,IV
n=gʉ²t’i,gʉt’i,IV
n=ha¹hni,hahni,IV
n=hë²ni,hëni,IV
n=he²x-yä,hexyä,IV
n=ho²gi,hogi,IV
n=ho²ki,hoki,IV
n=ho¹ʔa¹-hyä,hoʔahyä,IV
n=hwa²hni,hwahni,IV
n=hwä¹ni,hwäni,IV
n=hyạ²t’i,hyạt’i,IV
n=hyä¹ki,hyäki,IV
n=hyẹ²gi,hyẹgi,IV
n=hye²,hye,IV
n=hyë²ts’i,hyëts’i,IV
n=hyë¹nni,hyënni,IV
n=hyø¹mmi,hyømmi,IV
n=hyø¹ts’e,hyøts’e,IV
n=hyø¹ʔts’e,hyøʔts’e,IV
n=hyu²m-bi,hyumbi,IV
n=hyu²s-pi,hyuspi,IV
n=ʔi²n-hya¹di,ʔinhyadi,IV
n=jạ²di,jạdi,IV
n=jwä²nba²-te,jwänbate,IV
n=jwä²nni,jwänni,IV
n=jwä²n-xtha,jwänxtha,IV
n=jwe¹-te,jwete,IV
n=kä¹²ni,käni,IV
n=kạ¹ts’i,kạts’i,IV
n=kø²ni,køni,IV
n=kø¹²xke,køxke,IV
n=ku²,ku,IV
n=ku¹²i,kui,IV
n=kʉ²n-yä,kʉnyä,IV
n=ʔo¹t’i,ʔot’i,IV
n=tạ¹²i,tại,IV
n=tä²,tä,IV
n=tä²s-pi,täspi,IV
n=ta¹mmi,tammi,IV
n=ta¹mmi,tammi,IV
n=tẹ¹²,tẹ,IV
n=thä¹ti,thäti,IV
n=thi¹nt’i,thint’i,IV
n=ti²hni,tihni,IV
n=tø²n-yä,tønyä,IV
n=tø¹²ke,tøke,IV
n=sạ²hni,tsạhni,IV
n=sạ²ni,tsạni,IV
n=tsạ¹,tsạ,IV
n=sạ¹ki,tsạki,IV
n=sạ²ʔts’i,tsạʔts’i,IV
n=tso¹di,tsodi,IV
n=tu¹²ʔts’i,tuʔts’i,IV
n=ʔu¹²ni,ʔuni,IV
n=wä¹²ngi,wängi,IV
n=wä¹²nni,wänni,IV
n=xa¹²ha,xaha,IV
n=xä¹²ndi,xändi,IV
n=xạ¹di,xạdi,IV
n=xë²ni,xëni,IV
n=xi²x-yä,xixyä,IV
n=xi¹ʔt’i,xiʔt’i,IV
n=xø¹ke,xøke,IV
n=ʔʉ²n-bi,ʔʉnbi,IV
n=yu¹²nt’i,yunt’i,IV
n=ʔwë²xni,ʔwëxni,IV
n=ʔyạ²ni,ʔyạni,IV
n=ʔyẹ¹ni,ʔyẹni,IV
n=ʔyo²hʉ,ʔyohʉ,IV
n=ʔyo²-mfë²ni,ʔyomfëni,IV
n=ʔyo²sʔ-ma²hyä,ʔyosʔmahyä,IV
n=ʔyø²-the,ʔyøthe,IV
n=ʔyo²ʔts’i,ʔyoʔts’i,IV
n=ʔyø¹t’e,ʔyøt’e,IV
n=ʔyu¹t’i,ʔyut’i,IV
n=ʔʉ¹²ni,ʔʉni,IV
n=bi²ni,bini,IV
n=fạ²di,fạdi,IV
n=fʉ²ki,fʉki,IV
n=fʉ²t’i,fʉt’i,IV
n=hma²ki,hmaki,IV
n=ma¹ya,maya,IV
n=mba²hni,mbahni,IV
n=mu²ni,muni,IV
n=mu²nts’i,munts’i,IV
n=mu²ʔts’i,muʔts’i,IV
n=pa¹²nts’i,pants’i,IV
n=pạ²di,pạdi,IV
n=pä²hni,pähni,IV
n=pa²ts’i,pats’i,IV
n=pạ²t’i,pạt’i,IV
n=pa²xni,paxni,IV
n=pạ¹ts’i,pạts’i,IV
n=pẹ²ti,pẹti,IV
n=pẹ¹²hni,pẹhni,IV
n=pẹ¹²ʔts’i,pẹʔts’i,IV
n=pẹ¹fi,pẹfi,IV
n=pe¹ni,peni,IV
n=pi²t’i,pit’i,IV
n=pø¹²hø,pøhø,IV
n=po¹²ni,poni,IV
n=pu²-mbë²ni,pumbëni,IV
n=pʉ¹²ni,pʉni,IV
n=pʉ¹²nts’i,pʉnts’i,IV
n=ʔbẹ²di,ʔbẹdi,IV
n=to²ʔt’i,toʔt’i,IV
n=xa²ha,xaha,IV
n=xạ¹t’i,xạt’i,IV
n=yä¹ni,yäni,IV
n=zʉ²nts’i,zʉnts’i,IV
n=ʔyä¹ni,ʔyäni,IV
n=ʔyẹ²nt’i,ʔyẹnt’i,IV
n=ʔyẹ²-pi,ʔyẹpi,IV
n=ʔyẹ¹²i,ʔyẹi,IV
n=ʔyë¹²ts’i,ʔyëts’i,IV
n=ʔye¹²xke,ʔyexke,IV
n=ʔyo¹hni,ʔyohni,IV
n=ʔwë¹ni,ʔwëni,IV
n=ʔyø²rbe,ʔyørbe,IV
n=ʔyu²di,ʔyudi,IV
n=dä¹-jä¹ʔi,däjäʔi,IV
n=pa¹nts’i,pants’i,IV
n=pʉ¹²n-ts’yä,pʉnts’yä,IV
n=thạ²n=tho,thạntho,IV
n=tø²t’a¹-mʔbʉ¹²i,tøt’amʔbʉi,IV
n=tsi¹²ma¹-te,tsimate,IV
n=tsʉ²hmi,tsʉhmi,IV
n=xø¹²-nʔyo²gu,xønʔyogu,IV
ʔa¹²ki,ʔaki,III
ʔä²t’i,ʔät’i,III
ʔä¹²hmi,ʔähmi,III
ʔä¹²ts’i,ʔäts’i,III
ʔä¹²-xmi,ʔäxmi,III
ba¹²ha,baha,III
bä¹nts’i,bänts’i,III
ba¹t’i,bat’i,III
bä¹t’i,bät’i,III
bä¹ʔt’i,bäʔt’i,III
bë²n-bi,bënbi,III
be²nts’i,bents’i,III
bë¹²ni,bëni,III
bʉ²-do,bʉdo,III
bʉ¹nt’i,bʉnt’i,III
dạ¹²,dạ,III
dä²-xo²ki,däxoki,III
dä²m-hyä,dämhyä,III
da²r-bi,darbi,III
da²t’i,dat’i,III
dä¹²-re,däre,III
dạ¹-pi,dạpi,III
dạ¹-pi,dạpi,III
dạ¹-pi,dạpi,III
dë¹nts’i,dënts’i,III
de¹ʔmi,deʔmi,III
di¹²nts’i,dints’i,III
do²ʔmi,doʔmi,III
do¹²nni,donni,III
du²ʔmi,duʔmi,III
du¹nt’i,dunt’i,III
du¹ti,duti,III
dʉ²ʔmi,dʉʔmi,III
dʉ¹xki¹-bi,dʉxkibi,III
dʉ¹ʔt’i,dʉʔt’i,III
ʔë¹²nni,ʔënni,III
fạ²di,fạdi,III
fạ²ʔts’i,fạʔts’i,III
fa¹mmi,fammi,III
fa¹nts’i,fants’i,III
fa¹nt’i,fant’i,III
fe²ke,feke,III
fe²ʔts’e,feʔts’e,III
fe¹²te,fete,III
fe¹nt’i,fent’i,III
fï²ts’i,fïts’i,III
fï¹ti,fïti,III
fø²spa¹-hạ¹²i,føspahại,III
fø²t’e,føt’e,III
fø²ʔts’e,føʔts’e,III
fø¹²ni,føni,III
fø¹²te,føte,III
fo¹gi,fogi,III
fo¹ti,foti,III
fø¹t’-re,føt’re,III
fo¹ʔmi,foʔmi,III
fø¹ʔmi,føʔmi,III
fo¹ʔts’i,foʔts’i,III
fø¹ʔt’e,føʔt’e,III
fʉ²ki,fʉki,III
fʉ²t’i,fʉt’i,III
fʉ²ʔts’i,fʉʔts’i,III
fʉ¹ʔmi,fʉʔmi,III
gạ¹²ts’i,gạts’i,III
gạ¹²t’i,gạt’i,III
gạ²ti,gạti,III
gä¹²i,gäi,III
gạ¹nt’i,gạnt’i,III
go²-re²=bi,gorebi,III
gu¹²xt’i,guxt’i,III
gʉ¹²i,gʉi,III
gʉ¹²s-pi,gʉspi,III
gʉ¹²ʔts’i,gʉʔts’i,III
hạ¹²nt’i,hạnt’i,III
hạ²nni,hạnni,III
ha¹hni,hahni,III
ha¹nts’i,hants’i,III
hạ¹nts’i,hạnts’i,III
hä¹ti,häti,III
hẹ¹k-pi,hẹkpi,III
he²ke,heke,III
hë²n-bi,hënbi,III
he²te,hete,III
hë¹²ni,hëni,III
hi²ti,hiti,III
hma²hni,hmahni,III
hma²ki,hmaki,III
hma²t’i,hmat’i,III
hma¹²ts’i,hmats’i,III
hmi¹²,hmi,III
hmi¹²ʔt’i,hmiʔt’i,III
hmi¹ti,hmiti,III
ho²gi,hogi,III
ho²ki,hoki,III
ho²ʔt’i,hoʔt’i,III
ho¹²,ho,III
ho¹²ga¹m-mu¹²i,hogammui,III
hø¹t’e,høt’e,III
hwẹ¹²ki,hwẹki,III
hwẹ¹mmi,hwẹmmi,III
hwë²ki,hwëki,III
hwë²m-bi,hwëmbi,III
hwë²ʔt’i,hwëʔt’i,III
hwë¹²hi,hwëhi,III
hwi¹²,hwi,III
hwi¹²xki,hwixki,III
hʉ²ti,hʉti,III
hʉ¹²r-kwa,hʉrkwa,III
hya²nd-bi,hyandbi,III
hyø²ke,hyøke,III
hyʉ¹²ni,hyʉni,III
hyʉ¹gi,hyʉgi,III
ʔi¹²ngi,ʔingi,III
ʔi¹²ni,ʔini,III
ʔi¹²t’i,ʔit’i,III
ʔï¹²t’i,ʔït’i,III
jạ¹²ti,jạti,III
ja¹²-nte²=bi,jantebi,III
ja²m-ma²nsu,jammansu,III
ja²m-ma¹di,jammadi,III
ja²-pi,japi,III
ja¹²,ja,III
jạ¹di,jạdi,III
jä¹-pi,jäpi,III
jä¹ʔts’i,jäʔts’i,III
jo²hya²-bi,johyabi,III
jo¹²t’i,jot’i,III
ju²-pi,jupi,III
jwa²di,jwadi,III
jwä²n-bi,jwänbi,III
jwä²nni,jwänni,III
jwa¹ti,jwati,III
jwa¹ts’i,jwats’i,III
jwe¹-te,jwete,III
kạ¹²hmi,kạhmi,III
kạ¹²ki,kạki,III
kä²m-bi,kämbi,III
kä²ni,käni,III
kạ²ti,kạti,III
kä²ʔmi,käʔmi,III
kä²ʔmi,käʔmi,III
kä²ʔt’i,käʔt’i,III
kä¹²ni,käni,III
kä¹²ts’i,käts’i,III
ka¹di,kadi,III
kä¹ti,käti,III
kø²te,køte,III
ko¹²nts’i,konts’i,III
ko¹hi,kohi,III
ko¹ʔts’i,koʔts’i,III
ku²hni,kuhni,III
kwa²r-pi,kwarpi,III
kwa²ti,kwati,III
kwa¹²hmi,kwahmi,III
kwẹ¹-pi,kwẹpi,III
kʉ²nni,kʉnni,III
kʉ²ti,kʉti,III
kʉ²ʔmi,kʉʔmi,III
kʉ²ʔt’i,kʉʔt’i,III
kʉ¹²hʉ,kʉhʉ,III
kʉ¹²t’i,kʉt’i,III
kʉ¹²xki,kʉxki,III
kʉ¹nts’i,kʉnts’i,III
k’ä¹,k’ä,III
k’a¹²i,k’ai,III
k’a¹²r-pi,k’arpi,III
k’ä¹-ma²nʔʉ,k’ämanʔʉ,III
k’ä¹ʔts’i,k’äʔts’i,III
k’ä¹ʔt’i,k’äʔt’i,III
k’ẹ²ʔmi,k’ẹʔmi,III
k’ẹ¹²ʔt’i,k’ẹʔt’i,III
k’ë¹nt’i,k’ënt’i,III
k’o²ki,k’oki,III
k’o²ʔmi,k’oʔmi,III
k’o²ʔts’i,k’oʔts’i,III
k’wa²ʔts’i,k’waʔts’i,III
k’wa²ʔts’-ma²ʔʉ²t’i,k’waʔts’maʔʉt’i,III
k’wa¹nts’i,k’wants’i,III
k’wa¹nt’i,k’want’i,III
k’wẹ²ʔts’i,k’wẹʔts’i,III
k’wẹ¹nts’i,k’wẹnts’i,III
k’ʉ²ki,k’ʉki,III
ma²nda,manda,III
mba²ki,mbaki,III
mbạ²ʔts’i,mbạʔts’i,III
mbạ²ʔt’i,mbạʔt’i,III
mbo²t’i,mbot’i,III
me²ya,meya,III
me²ʔmi,meʔmi,III
mu²ʔt’i,muʔt’i,III
mu¹hni,muhni,III
mu¹nts’i,munts’i,III
na²t’i,nat’i,III
na²ʔmi,naʔmi,III
na¹²ni,nani,III
na¹²ts’i,nats’i,III
nda²nt’i,ndant’i,III
nda¹nt’i,ndant’i,III
nda¹ʔt’i,ndaʔt’i,III
ndø¹²nt’i,ndønt’i,III
ndo¹ki,ndoki,III
ne¹ʔmi,neʔmi,III
nu¹²nni,nunni,III
nu¹nts’i,nunts’i,III
ʔø¹²te,ʔøte,III
ʔo¹t’i,ʔot’i,III
pạ¹²di,pạdi,III
pạ¹²ki,pạki,III
pa¹²ni,pani,III
pa¹²ha,paha,III
pa²ʔts’i,paʔts’i,III
pa¹r-bi,parbi,III
pa¹t’i,pat’i,III
pa¹ʔmi,paʔmi,III
pa¹ʔt’i,paʔt’i,III
pẹ¹²hni,pẹhni,III
pẹ¹²ti,pẹti,III
pẹ¹-pi,pẹpi,III
pe¹²nts’i,pents’i,III
pi²ʔmi,piʔmi,III
pï¹²ts’i,pïts’i,III
pi¹di,pidi,III
pø²r-pe,pørpe,III
pø²te,pøte,III
pø¹²hø,pøhø,III
po¹²n-bi,ponbi,III
po¹²ni,poni,III
pø¹²ni,pøni,III
po¹²nni,ponni,III
pø¹t’e,pøt’e,III
pu²-mbë²ni,pumbëni,III
pu²n-bi,punbi,III
pʉ¹²ngi,pʉngi,III
pʉ¹²nts’i,pʉnts’i,III
pʉ¹²nt’i,pʉnt’i,III
tạ²ki,tạki,III
tẹ²ti,tẹti,III
tẹ¹²r-pi,tẹrpi,III
tẹ¹²t’i,tẹt’i,III
te²spe,tespe,III
te²ʔts’e,teʔts’e,III
te¹²de,tede,III
të¹ndi,tëndi,III
thä²ns-pi,thänspi,III
thä²nts’i,thänts’i,III
thä²ʔt’i,thäʔt’i,III
thä¹r-pi,thärpi,III
thẹ²ti,thẹti,III
thẹ¹ti,thẹti,III
thë²ʔts’i,thëʔts’i,III
thë¹²ts’i,thëts’i,III
thë¹ni,thëni,III
thë¹t’i,thët’i,III
tho²ki,thoki,III
tho²ʔts’i,thoʔts’i,III
thø¹ge,thøge,III
tø¹²ke,tøke,III
to¹²ngi,tongi,III
to¹²nts’i,tonts’i,III
to¹²nt’i,tont’i,III
tø¹²te,tøte,III
tsä²ki,tsäki,III
tsa²r-bi,tsarbi,III
tsä²t’i,tsät’i,III
tsa²ʔt’i,tsaʔt’i,III
tsa¹²hmi,tsahmi,III
tsä¹²ni,tsäni,III
ts’a¹²ti,ts’ati,III
tsạ¹ti,tsạti,III
tsẹ¹gi,tsẹgi,III
tsi²n-bi,tsinbi,III
tsi²n-bi,tsinbi,III
tsi²nni,tsinni,III
tsi²ʔt’i,tsiʔt’i,III
tsi¹²-the²=bi,tsithebi,III
tsi¹ti,tsiti,III
tsø²ke,tsøke,III
tsø²r-be,tsørbe,III
tsʉ²ti,tsʉti,III
sʉ¹²ni,tsʉni,III
ts’ä¹²ki,ts’äki,III
ts’ä¹²t’i,ts’ät’i,III
ts’ä¹nt’i,ts’änt’i,III
ts’a¹nt’i,ts’ant’i,III
ts’ẹ²di,ts’ẹdi,III
ts’ẹ²r-pi,ts’ẹrpi,III
ts’o¹²ni,ts’oni,III
ts’ʉ¹²hmi,ts’ʉhmi,III
ts’ʉ¹²ʔt’i,ts’ʉʔt’i,III
tʉ²t’i,tʉt’i,III
tʉ¹²nts’i,tʉnts’i,III
t’a¹-xi²jo,t’axijo,III
t’i¹²ni,t’ini,III
t’ø¹ʔts’e,t’øʔts’e,III
t’ʉ¹²ts’i,t’ʉts’i,III
ʔu²nni,ʔunni,III
ʔu¹²ni,ʔuni,III
ʔu¹²t’i,ʔut’i,III
wä²nni,wänni,III
wä²ns-pi,wänspi,III
wä²nts’i,wänts’i,III
wä¹²nni,wänni,III
wä¹nt’i,wänt’i,III
wä¹r-pi,wärpi,III
wä¹ti,wäti,III
xa²ha,xaha,III
xạ²-dạ²=bi,xạdạbi,III
xä¹²ndi,xändi,III
xä¹-gu,xägu,III
xạ¹r-pi,xạrpi,III
xe¹mmi,xemmi,III
xï¹ki,xïki,III
xø²ka²-mfë¹ni,xøkamfëni,III
xø¹²ngi,xøngi,III
xu²hna²-nya,xuhnanya,III
xʉ²-dạ²=bi,xʉdạbi,III
xʉ²di,xʉdi,III
xʉ²ki,xʉki,III
ʔʉ²k-pi,ʔʉkpi,III
ʔʉ²n-bi,ʔʉnbi,III
ʔʉ²xthʉ,ʔʉxthʉ,III
ʔʉ²ʔt’i,ʔʉʔt’i,III
ʔʉ¹²,ʔʉ,III
ʔʉ¹²ni,ʔʉni,III
yä²r-bi,yärbi,III
yä¹-pi,yäpi,III
yä¹r-pi,yärpi,III
yä¹ti,yäti,III
ye²r-be,yerbe,III
ye²te,yete,III
ye²ʔts’e,yeʔts’e,III
ye¹²ts’e,yets’e,III
yo²t’i,yot’i,III
yø¹²ni,yøni,III
yo¹²r-bi,yorbi,III
yø¹²t’e,yøt’e,III
yo¹²ʔt’i,yoʔt’i,III
yo¹ndi²bi,yo+ndibi,III
yu¹ʔts’i,yuʔts’i,III
za²ki,zaki,III
za¹mpʔi,zampʔi,III
zä¹²ndi,zändi,III
za¹nt’i,zant’i,III
zẹ¹²di,zẹdi,III
zẹ¹²ngwa,zẹngwa,III
zẹ¹²r-pi,zẹrpi,III
zø¹r-pe,zørpe,III
zø¹te,zøte,III
zø¹ʔmi,zøʔmi,III
zu¹²t’i,zut’i,III
zʉ²nts’i,zʉnts’i,III
zʉ²ʔts’i,zʉʔts’i,III
zʉ¹nt’i,zʉnt’i,III
ʔbạ¹²i,ʔbại,III
ʔbạ¹²ni,ʔbạni,III
ʔbạ¹²nts’i,ʔbạnts’i,III
ʔbạ²ki,ʔbạki,III
ʔbạ²n-yä,ʔbạnyä,III
ʔba²t’i,ʔbat’i,III
ʔba²ʔt’i,ʔbaʔt’i,III
ʔba¹²xni,ʔbaxni,III
ʔbạ¹m-bi,ʔbạmbi,III
ʔbạ¹t’i,ʔbạt’i,III
ʔbạ¹ʔmi,ʔbạʔmi,III
ʔbạ¹ʔt’i,ʔbạʔt’i,III
ʔbẹ²-ʔbo,ʔbẹʔbo,III
ʔbẹ²di,ʔbẹdi,III
ʔbẹ²-pi,ʔbẹpi,III
ʔbẹ²-pi,ʔbẹpi,III
ʔbẹ²ʔts’i,ʔbẹʔts’i,III
ʔbẹ²ʔt’i,ʔbẹʔt’i,III
ʔbẹ¹²di,ʔbẹdi,III
ʔbẹ¹²hni,ʔbẹhni,III
ʔbẹ¹ki,ʔbẹki,III
ʔbẹ¹t’i,ʔbẹt’i,III
ʔbẹ¹t’o,ʔbẹt’o,III
ʔbe²nni,ʔbenni,III
ʔbe²ʔmi,ʔbeʔmi,III
ʔbø²t’e,ʔbøt’e,III
ʔbø¹nt’i,ʔbønt’i,III
ʔda¹²ni,ʔdani,III
ʔda²s-pi,ʔdaspi,III
ʔda²ʔts’i,ʔdaʔts’i,III
ʔdo²ʔmi,ʔdoʔmi,III
ʔdo¹²hmi,ʔdohmi,III
ʔdø¹k-yä,ʔdøkyä,III
ʔwa²ʔmi,ʔwaʔmi,III
ʔwä¹ʔts’i,ʔwäʔts’i,III
ʔwe²ke,ʔweke,III
ʔyạ²gi,ʔyạgi,III
ʔyä²-tsạ²=bi,ʔyätsạbi,III
ʔyä¹²ni,ʔyäni,III
ʔyẹ²ʔmi,ʔyẹʔmi,III
ʔyẹ²ʔt’i,ʔyẹʔt’i,III
ʔyë²hë,ʔyëhë,III
ʔyë²hë²bi,ʔyëhëbi,III
ʔyo¹²ni,ʔyoni,III
ʔyø¹ni,ʔyøni,III
pẹ²di,pẹdi,III
fẹ¹t’i,fẹt’i,IV
fø²hni,føhni,IV
mba²-xä¹nni,mbaxänni,IV
mbo¹²nni,mbonni,IV
mu²,mu,IV
mu¹²m-hyä,mumhyä,IV
pa²t’i,pat’i,IV
pø²m-mi²xa¹,pømmixa,IV
ha²nni,hanni,IV
ha¹²xki,haxki,IV
hø¹-go²gu,høgogu,IV
hya²ki,hyaki,IV
hyo²nni,hyonni,IV
hyo¹nya,hyonya,IV
hyu²-mbʉ¹²i,hyumbʉi,IV
jo²hya,johya,IV
jø¹²ts’e,jøts’e,IV
kạ¹²i,kại,IV
kʉ²xni,kʉxni,IV
k’a²hni,k’ahni,IV
k’i¹nts’i,k’ints’i,IV
k’wa²xni,k’waxni,IV
ne²ka²-jä¹ʔi,nekajäʔi,IV
ne²k-ma²nho,nekmanho,IV
ne¹²gi,negi,IV
tẹ²ki,tẹki,IV
thë²ndi,thëndi,IV
tï¹,tï,IV
ts’ï²xni,ts’ïxni,IV
ts’ʉ²-ʔbạ¹t’i,ts’ʉʔbạt’i,IV
ts’ʉ¹gi,ts’ʉgi,IV
xẹ²h-yä,xẹhyä,IV
xø²-mbʉ¹²i,xømbʉi,IV
xø¹ni,xøni,IV
yä²hni,yähni,IV
yä²ni,yäni,IV
yạ²nni,yạnni,IV
yo²-bë²ni,yobëni,IV
zʉ¹²ts’i,zʉts’i,IV
ʔda¹,ʔda,IV
ʔwa¹-zʉ²bi,ʔwazʉbi,IV
ʔyạ¹ts’i,ʔyạts’i,IV
ʔyø¹²,ʔyø,IV
ʔyø¹²-dạ,ʔyødạ,IV
ʔyo²-mfë²ni¹-bi,ʔyomfënibi,III
ba¹t’a²-do,bat’ado,III
fa¹nt’-ma²hyä,fant’mahyä,III
hạ¹²nts’i,hạnts’i,III
nhë¹²,nhë,III
pu²-mbë²ni¹-bi,pumbënibi,III
sẹ¹ya²bi,tsẹyabi,III
ʔʉ²-pi,ʔʉpi,III
ʔä¹ni,ʔäni,Ia
ʔo²-pi,ʔopi,Ia
pa¹,pa,Ia
pä²hä,pähä,Ia
pä²hä,pähä,Ia
pä²ʔts’i,päʔts’i,Ia
pä¹²di,pädi,Ia
pë¹,pë,Ia
fï¹di,fïdi,Ia
pø²ni,pøni,Ia
tạ¹²i,tại,Ia
tạ²gi,tạgi,Ia
tạ²ki,tạki,Ia
tạ²t’i,tạt’i,Ia
ta¹²xki,taxki,Ia
tä¹²hä,tähä,Ia
thä²xt’i,thäxt’i,Ia
thä¹di,thädi,Ia
thä¹di,thädi,Ia
thạ¹di,thạdi,Ia
ta¹ki,taki,Ia
tä¹ki,täki,Ia
thä²-mbë²ni,thämbëni,Ia
thä¹m-ma²nho,thämmanho,Ia
thä¹m-ma²nʔʉ,thämmanʔʉ,Ia
ta¹mmi,tammi,Ia
thä¹mmi,thämmi,Ia
tä²ngi,tängi,Ia
thä²ni,thäni,Ia
ta¹ni,tani,Ia
thä¹ni,thäni,Ia
thạ¹ni,thạni,Ia
thä¹n-nde,thännde,Ia
tä¹nt’i,tänt’i,Ia
thä¹nt’i,thänt’i,Ia
tä¹²-pi,täpi,Ia
thä¹ti,thäti,Ia
thä¹t’i,thät’i,Ia
tẹ²nni,tẹnni,Ia
tẹ²xa²-xä¹hi,tẹxaxähi,Ia
tẹ²ʔmi,tẹʔmi,Ia
tẹ²ʔts’i,tẹʔts’i,Ia
tẹ²ʔts’i,tẹʔts’i,Ia
thẹ¹,thẹ,Ia
tẹ¹²,tẹ,Ia
tẹ¹²,tẹ,Ia
thẹ¹²i,thẹi,Ia
tẹ¹-pi,tẹpi,Ia
tẹ¹²ts’i,tẹts’i,Ia
thẹ¹ki,thẹki,Ia
thẹ¹ki,thẹki,Ia
thẹ¹n-bi,thẹnbi,Ia
thẹ¹ni,thẹni,Ia
tẹ¹-pi,tẹpi,Ia
thẹ¹s-pi,thẹspi,Ia
thẹ¹ts’i,thẹts’i,Ia
te¹²ge,tege,Ia
te¹ke,teke,Ia
the¹nni,thenni,Ia
te¹t’e,tet’e,Ia
ti¹²ni,tini,Ia
thï²gi,thïgi,Ia
thi¹mmi,thimmi,Ia
thi¹nni,thinni,Ia
thi¹nt’i,thint’i,Ia
thï²ts’i,thïts’i,Ia
to²ki,toki,Ia
tø²ʔmi,tøʔmi,Ia
to¹²ni,toni,Ia
to²nts’i,tonts’i,Ia
to²nt’i,tont’i,Ia
to¹ʔmi,toʔmi,Ia
to¹ʔts’i,toʔts’i,Ia
to¹ʔts’i,toʔts’i,Ia
to¹ʔt’i,toʔt’i,Ia
tu²ki,tuki,Ia
tu²ʔt’i,tuʔt’i,Ia
tu¹,tu,Ia
tu¹²,tu,Ia
tu¹²hu,tuhu,Ia
tu¹²hu,tuhu,Ia
thu¹²i,thui,Ia
tu¹²ni,tuni,Ia
tu¹²ni,tuni,Ia
tu¹²ts’i,tuts’i,Ia
tu¹²ʔts’i,tuʔts’i,Ia
thu¹ki,thuki,Ia
tu¹-pi,tupi,Ia
thu¹ts’i,thuts’i,Ia
tu¹-ts’o¹ni,tuts’oni,Ia
tu¹t’i,tut’i,Ia
tʉ²ki,tʉki,Ia
tʉ²ʔts’i,tʉʔts’i,Ia
tʉ¹²ni,tʉni,Ia
tʉ¹hʉ,tʉhʉ,Ia
thʉ¹nt’i,thʉnt’i,Ia
thʉ¹ti,thʉti,Ia
thʉ¹t’i,thʉt’i,Ia
fʉ²nts’i,fʉnts’i,Ia
kạ¹²i,kại,Ia
kä²ki,käki,Ia
kạ²-mfë²ni,kạmfëni,Ia
kạ²nni,kạnni,Ia
kä²,kä,Ia
kä²i,käi,Ia
kä¹²i,käi,Ia
kä¹²ni,käni,Ia
kä¹²ts’i,käts’i,Ia
kä¹²xi,käxi,Ia
kạ¹hạ,kạhạ,Ia
jạ¹ki,jạki,Ia
kä¹ti,käti,Ia
kạ¹ti,kạti,Ia
kä¹ts’i,käts’i,Ia
kạ¹ts’i,kạts’i,Ia
kä¹t’i,kät’i,Ia
jạ¹t’i,jạt’i,Ia
kạ¹t’i,kạt’i,Ia
kä¹ʔts’i,käʔts’i,Ia
kạ¹ʔts’i,kạʔts’i,Ia
kø²de,køde,Ia
ko²ti,koti,Ia
ko²t’a¹-fạ²di,kot’afạdi,Ia
ko²t’i,kot’i,Ia
ko²ʔmi,koʔmi,Ia
jo¹,jo,Ia
ko¹²h-ma²hyä,kohmahyä,Ia
ko¹²hmi,kohmi,Ia
ko¹²ts’i,kots’i,Ia
kø¹²xke,køxke,Ia
ko¹²ʔts’i,koʔts’i,Ia
ko²hi,kohi,Ia
jo¹ki,joki,Ia
jo¹ni,joni,Ia
kø¹ni,køni,Ia
jo¹nni,jonni,Ia
kø¹nni,kønni,Ia
ko²h-sẹ²hạ¹²i,kohsẹhại,Ia
jo¹ts’i,jots’i,Ia
jo¹t’i,jot’i,Ia
jo¹t’i,jot’i,Ia
ko²-xtha,koxtha,Ia
ko¹ʔa¹-xʉ¹²tha,koʔaxʉtha,Ia
jo¹ʔts’i,joʔts’i,Ia
ku¹²i,kui,Ia
ju¹nt’ẹ¹²i,junt’ẹi,Ia
ju¹ti,juti,Ia
ju¹ts’i,juts’i,Ia
ju¹t’i,jut’i,Ia
ju¹ʔmi,juʔmi,Ia
ju¹ʔt’i,juʔt’i,Ia
jwa²ni,jwani,Ia
kwa²t’i,kwat’i,Ia
jwa²t’i,jwat’i,Ia
kwe²ngi,kwengi,Ia
kwe²nt’i,kwent’i,Ia
kʉ¹²,kʉ,Ia
kʉ²ki,kʉki,Ia
jʉ²nni,jʉnni,Ia
jʉ¹,jʉ,Ia
kʉ¹²i,kʉi,Ia
kʉ¹²ni,kʉni,Ia
kʉ¹²ts’i,kʉts’i,Ia
jʉ¹hni,jʉhni,Ia
jʉ¹ki,jʉki,Ia
kʉ¹mmi,kʉmmi,Ia
jʉ¹nts’i,jʉnts’i,Ia
jʉ¹r-bi,jʉrbi,Ia
jʉ¹ts’i,jʉts’i,Ia
jʉ¹t’i,jʉt’i,Ia
jʉ¹ʔmi,jʉʔmi,Ia
jʉ¹ʔmi,jʉʔmi,Ia
jʉ¹ʔts’i,jʉʔts’i,Ia
hwa¹²hni,hwahni,Ia
hwa¹²xt’i,hwaxt’i,Ia
hwa¹²ʔts’i,hwaʔts’i,Ia
hwa¹²ʔt’i,hwaʔt’i,Ia
hwä¹²ki,hwäki,Ia
hwä¹²ʔts’i,hwäʔts’i,Ia
hwä¹²ʔt’i,hwäʔt’i,Ia
hwä¹ni,hwäni,Ia
hwä¹t’i,hwät’i,Ia
hwë²gi,hwëgi,Ia
hwi²,hwi,Ia
hwi¹²xt’i,hwixt’i,Ia
hwi¹fi,hwifi,Ia
hwi¹ki,hwiki,Ia
hwï¹ki,hwïki,Ia
hwi¹xt’i,hwixt’i,Ia
hwï¹ʔts’i,hwïʔts’i,Ia
hwi¹ʔt’i,hwiʔt’i,Ia
hwï¹ʔt’i,hwïʔt’i,Ia
hạ¹²ni,hạni,Ia
hä²ki,häki,Ia
hä²n-bi,hänbi,Ia
hạ²t’i,hạt’i,Ia
hạ²t’i,hạt’i,Ia
hä²xa¹-njwä²ni,häxanjwäni,Ia
hä²ʔmi,häʔmi,Ia
hä¹²,hä,Ia
hä¹²-du²-mbʉ¹²i,hädumbʉi,Ia
hä¹²i,häi,Ia
hä¹²ni,häni,Ia
hä¹²ts’i,häts’i,Ia
hä¹²xi,häxi,Ia
hä¹ki,häki,Ia
hạ¹ki,hạki,Ia
ha¹ndi,handi,Ia
hä¹ʔts’i,häʔts’i,Ia
hạ¹ʔts’i,hạʔts’i,Ia
hẹ²hni,hẹhni,Ia
hẹ²ki,hẹki,Ia
hẹ²ki,hẹki,Ia
hẹ²n-bi,hẹnbi,Ia
hẹ²ʔmi,hẹʔmi,Ia
hẹ²ʔts’i,hẹʔts’i,Ia
hẹ²ʔt’i,hẹʔt’i,Ia
hẹ¹²ni,hẹni,Ia
hẹ¹²ts’i,hẹts’i,Ia
hẹ¹gi,hẹgi,Ia
he²,he,Ia
hë²ʔma¹-hạ¹²i,hëʔmahại,Ia
hë²ʔmi,hëʔmi,Ia
hë²ʔt’i,hëʔt’i,Ia
hë¹²ti,hëti,Ia
he¹²ts’e,hets’e,Ia
hë¹ki,hëki,Ia
hë¹m-bi,hëmbi,Ia
hë¹t’i,hët’i,Ia
hë¹ʔts’i,hëʔts’i,Ia
hø²n-the,hønthe,Ia
hø²ʔts’e,høʔts’e,Ia
ho¹,ho,Ia
hø¹²e,høe,Ia
hø²ts’e,høts’e,Ia
hø¹mba¹-hạ¹²i,hømbahại,Ia
hø¹mmi,hømmi,Ia
ho¹n-bi,honbi,Ia
ho¹ni,honi,Ia
hø¹nni,hønni,Ia
hø¹te,høte,Ia
hø¹ts’e,høts’e,Ia
hø²t’e,høt’e,Ia
hø¹t’e,høt’e,Ia
hø¹x-yä,høxyä,Ia
hu¹,hu,Ia
hu²m-bi,humbi,Ia
hu²ʔmi,huʔmi,Ia
hu²di,hudi,Ia
hu¹²hni,huhni,Ia
hu¹²i,hui,Ia
hu²n-du²m-bʉ¹²i,hundumbʉi,Ia
hu¹²ts’i,huts’i,Ia
hu¹hu,huhu,Ia
hu¹m-bi,humbi,Ia
hu¹ni,huni,Ia
hu¹r-ba¹ ra² mbʉ¹²i,hurba ra mbʉi,Ia
hu¹r-pi,hurpi,Ia
hu¹s-pi,huspi,Ia
hu¹ts’i,huts’i,Ia
hu¹t’a¹-nza²-mbʉ¹²i,hut’anzambʉi,Ia
hu¹t’i,hut’i,Ia
hu¹ʔts’i,huʔts’i,Ia
hʉ²ki,hʉki,Ia
hʉ²k-pi,hʉkpi,Ia
hʉ²m-bi,hʉmbi,Ia
hʉ²ʔmi,hʉʔmi,Ia
hʉ²ʔts’i,hʉʔts’i,Ia
hʉ²ʔt’i,hʉʔt’i,Ia
hʉ¹²fi,hʉfi,Ia
hʉ¹ki,hʉki,Ia
hʉ¹xt’i,hʉxt’i,Ia
ja²-pi,japi,Ia
k’ẹ²t’i,k’ẹt’i,Ia
ma²ʔt’i,maʔt’i,Ia
ma¹n-nde² tho¹²ho,mannde thoho,Ia
ma¹t’i,mat’i,Ia
pạ¹²,pạ,Ia
pạ¹²xi,pạxi,Ia
pạ²hạ,pạhạ,Ia
fa¹²s-pi,faspi,Ia
fa¹²ʔts’i,faʔts’i,Ia
pạ²t’i,pạt’i,Ia
pạ²t’i,pạt’i,Ia
pa¹,pa,Ia
pa¹²nts’i,pants’i,Ia
pa¹²nt’i,pant’i,Ia
fạ¹di,fạdi,Ia
fạ¹gi,fạgi,Ia
fạ¹ki,fạki,Ia
pa¹kpa¹-hạ¹²i,pakpahại,Ia
pa¹k-pi,pakpi,Ia
fạ¹ni,fạni,Ia
pa¹-pi yø² t’o,papi yø t’o,Ia
fa¹ts’i,fats’i,Ia
fạ¹ts’i,fạts’i,Ia
pạ¹ts’i,pạts’i,Ia
fạ¹t’i,fạt’i,Ia
fạ¹x-ma²hyä,fạxmahyä,Ia
pa¹xt’i,paxt’i,Ia
fạ¹ʔmi,fạʔmi,Ia
mba¹ʔt’i,mbaʔt’i,Ia
pẹ²gi,pẹgi,Ia
pẹ²ki,pẹki,Ia
pẹ²m-du,pẹmdu,Ia
pẹ²t’i,pẹt’i,Ia
pẹ²ʔmi,pẹʔmi,Ia
fẹ¹,fẹ,Ia
pẹ¹²hi,pẹhi,Ia
fẹ¹-hjwa¹²i,fẹhjwai,Ia
fẹ¹²i,fẹi,Ia
pẹ¹²i,pẹi,Ia
pẹ¹²ʔts’i,pẹʔts’i,Ia
pẹ¹fi,pẹfi,Ia
pẹ¹hni,pẹhni,Ia
fẹ¹ki,fẹki,Ia
fẹ¹ni,fẹni,Ia
fẹ¹n-za,fẹnza,Ia
pẹ¹-pi,pẹpi,Ia
fẹ¹ts’i,fẹts’i,Ia
fẹ¹t’i,fẹt’i,Ia
fẹ¹x-fa¹ni,fẹxfani,Ia
fẹ¹ʔmi,fẹʔmi,Ia
pẹ¹ʔmi,pẹʔmi,Ia
fẹ¹ʔts’i,fẹʔts’i,Ia
pe²ʔt’e,peʔt’e,Ia
pe¹,pe,Ia
pe²ngi,pengi,Ia
pe¹de,pede,Ia
pe¹ni,peni,Ia
pe¹te,pete,Ia
pe¹t’e,pet’e,Ia
pi²ki,piki,Ia
pi¹²hi,pihi,Ia
pi¹²ts’i,pits’i,Ia
pi¹²xt’i,pixt’i,Ia
pi¹xt’i,pixt’i,Ia
pø²ge,pøge,Ia
po²gi,pogi,Ia
pø²ke,pøke,Ia
po²ki,poki,Ia
po²ki,poki,Ia
pø²spe,pøspe,Ia
pø²t’e,pøt’e,Ia
pø²t’e,pøt’e,Ia
pø²t’e,pøt’e,Ia
po²t’i,pot’i,Ia
pø²x-yä,pøxyä,Ia
pø²ʔt’e,pøʔt’e,Ia
pø¹²e,pøe,Ia
pø¹²e,pøe,Ia
pø¹²ni,pøni,Ia
po¹²ni,poni,Ia
pø¹²ni,pøni,Ia
pø¹²ts’e,pøts’e,Ia
po²ts’i,pots’i,Ia
pø²ʔts’e,pøʔts’e,Ia
pø¹de,pøde,Ia
pʉ²ti,pʉti,Ia
pʉ²t’i,pʉt’i,Ia
pʉ²ʔts’i,pʉʔts’i,Ia
pʉ¹²ki,pʉki,Ia
pʉ²nts’i,pʉnts’i,Ia
fʉ²di,fʉdi,Ia
pʉ¹ki,pʉki,Ia
pʉ¹ni,pʉni,Ia
pʉ¹t’i,pʉt’i,Ia
pʉ²xki,pʉxki,Ia
pʉ¹ʔmi,pʉʔmi,Ia
pʉ¹ʔts’i,pʉʔts’i,Ia
mu¹m-bi,mumbi,Ia
mu¹ni,muni,Ia
nda²ngi,ndangi,Ia
nda²nts’i,ndants’i,Ia
nde²-tsʉ¹²i,ndetsʉi,Ia
te²ts’e,tets’e,Ia
nde¹-pe,ndepe,Ia
te¹ts’e,tets’e,Ia
tø²hni,tøhni,Ia
ndø²m-ma²nho,ndømmanho,Ia
ndø²nni,ndønni,Ia
ndø²-pe,ndøpe,Ia
tø²ʔmi,tøʔmi,Ia
tø²ʔts’e,tøʔts’e,Ia
tø¹²de,tøde,Ia
ndø¹²ni,ndøni,Ia
ndø¹²ni,ndøni,Ia
tø¹²ts’e,tøts’e,Ia
tø¹te,tøte,Ia
tø¹t’e,tøt’e,Ia
ndø¹ʔts’e,ndøʔts’e,Ia
tʉ²ts’i,tʉts’i,Ia
ne¹rba¹-hạ¹²i,nerbahại,Ia
tho²gi,thogi,Ia
tï²ʔt’i,tïʔt’i,Ia
wë²n=tho,wëntho,Ia
xạ¹²i,xại,Ia
xa¹²xi,xaxi,Ia
xa²ʔts’i,xaʔts’i,Ia
xạ²ʔt’i,xạʔt’i,Ia
xä¹²gi,xägi,Ia
xä¹²nts’i,xänts’i,Ia
xạ¹ki,xạki,Ia
xạ¹n-bi,xạnbi,Ia
xa¹ni,xani,Ia
xä¹nt’i,xänt’i,Ia
xạ¹ts’i,xạts’i,Ia
xa¹t’i,xat’i,Ia
xạ¹t’i,xạt’i,Ia
xa¹ʔmi,xaʔmi,Ia
xẹ²t’i,xẹt’i,Ia
xẹ²ʔts’i,xẹʔts’i,Ia
xẹ¹²ni,xẹni,Ia
xẹ¹ki,xẹki,Ia
xẹ¹-pi,xẹpi,Ia
xẹ¹ʔt’i,xẹʔt’i,Ia
xë²ki,xëki,Ia
xë²t’i,xët’i,Ia
xë²ʔts’i,xëʔts’i,Ia
xi²t’i,xit’i,Ia
xi¹²i,xii,Ia
xi¹²ni,xini,Ia
xi¹²ts’i,xits’i,Ia
xi¹fi,xifi,Ia
xø²ke,xøke,Ia
xo²ki,xoki,Ia
xø²nni,xønni,Ia
xø²ʔts’e,xøʔts’e,Ia
xo²ʔts’i,xoʔts’i,Ia
xø²ʔt’e,xøʔt’e,Ia
xo¹²ts’i,xots’i,Ia
xo¹ki,xoki,Ia
xø¹k-pe,xøkpe,Ia
xø¹m-hyä,xømhyä,Ia
xo¹nt’i,xont’i,Ia
xø¹t’e,xøt’e,Ia
xo¹ʔt’i,xoʔt’i,Ia
xu²t’i,xut’i,Ia
xu¹²ts’i,xuts’i,Ia
xu¹ni,xuni,Ia
xu¹t’i,xut’i,Ia
xʉ¹di,xʉdi,Ia
xʉ¹t’i,xʉt’i,Ia
yạ²xki,yạxki,Ia
yạ²gi,yạgi,Ia
yä²ni,yäni,Ia
yạ²xt’i,yạxt’i,Ia
ye¹,ye,Ia
yø¹ʔt’e,yøʔt’e,Ia
kʉ¹²n-do²ndo,kʉndondo,Ia
kʉ²i,kʉi,Ia
kʉ²t’i,kʉt’i,Ia
tsạ¹²-ma²nhëi,tsạmanhëi,Ia
tsạ¹²-ma²nkʉ¹²hi,tsạmankʉhi,Ia
tsạ¹²-ma²nʔʉ,tsạmanʔʉ,Ia
tsạ¹²-mhyä,tsạmhyä,Ia
tsa¹²ni,tsani,Ia
tsạ¹²,tsạ,Ia
tsạ²n-bi,tsạnbi,Ia
tsạ²nni,tsạnni,Ia
tsa²-ʔyä,tsaʔyä,Ia
tsạ¹,tsạ,Ia
tsạ¹,tsạ,Ia
tsạ¹²,tsạ,Ia
tsa¹,tsa,Ia
tsa¹²ni,tsani,Ia
tsa¹²ʔts’i,tsaʔts’i,Ia
tsä¹²mmi,tsämmi,Ia
tsạ²gi,tsạgi,Ia
tsä¹ki,tsäki,Ia
tsä¹ni,tsäni,Ia
tsạ¹-pi,tsạpi,Ia
sạ²ts’i,tsạts’i,Ia
tsä¹t’i,tsät’i,Ia
sạ¹ʔts’i,tsạʔts’i,Ia
tsẹ²gi,tsẹgi,Ia
tsẹ²ki,tsẹki,Ia
tsẹ²m-bi,tsẹmbi,Ia
tsẹ²t’i,tsẹt’i,Ia
tsẹ²ʔmi,tsẹʔmi,Ia
tsẹ²ʔts’i,tsẹʔts’i,Ia
tsẹ²ʔt’i,tsẹʔt’i,Ia
tsẹ¹²ni,tsẹni,Ia
tsẹ¹di,tsẹdi,Ia
tsẹ¹h=tho,tsẹhtho,Ia
tsẹ¹ti,tsẹti,Ia
tsi²,tsi,Ia
tsi²ki,tsiki,Ia
tsi²m-ma²nho,tsimmanho,Ia
tsi¹²,tsi,Ia
tsi¹²i,tsii,Ia
tsi¹²-ma²nho,tsimanho,Ia
tsi¹-mxø¹ni,tsimxøni,Ia
tsi¹²ni,tsini,Ia
tsi¹²ts’i,tsits’i,Ia
tsi¹²ya,tsiya,Ia
tsi¹-pi,tsipi,Ia
tso¹,tso,Ia
tso²ki,tsoki,Ia
tso²t’i,tsot’i,Ia
tso²ʔts’i,tsoʔts’i,Ia
tso²ʔt’i,tsoʔt’i,Ia
tsø²hø,tsøhø,Ia
tsø²ni,tsøni,Ia
tso¹²ni,tsoni,Ia
tsø²t’e,tsøt’e,Ia
tso¹gi,tsogi,Ia
tso¹²gi,tsogi,Ia
so¹ki,tsoki,Ia
so¹ni,tsoni,Ia
tso¹ti,tsoti,Ia
tso¹ts’i,tsots’i,Ia
tso¹t’i,tsot’i,Ia
tsu¹,tsu,Ia
tsu¹²-ma²nhë¹²i,tsumanhëi,Ia
tsu¹²-na²-nhyʉ,tsunanhyʉ,Ia
tsu¹-pi,tsupi,Ia
tsʉ²hni,tsʉhni,Ia
tsʉ²t’i,tsʉt’i,Ia
tsʉ²ʔts’i,tsʉʔts’i,Ia
tsʉ²ʔt’i,tsʉʔt’i,Ia
tsʉ¹,tsʉ,Ia
tsʉ¹²i,tsʉi,Ia
tsʉ¹²ti,tsʉti,Ia
tsʉ¹di,tsʉdi,Ia
tsʉ¹ndi,tsʉndi,Ia
ʔda²ts’i,ʔdats’i,Ia
ʔda²gi,ʔdagi,Ia
ʔda²ni,ʔdani,Ia
ʔwa²ʔmi,ʔwaʔmi,Ia
ʔwa¹ki,ʔwaki,Ia
ʔwẹ¹,ʔwẹ,Ia
ʔwẹ¹²ti,ʔwẹti,Ia
ʔwẹ¹ts’i,ʔwẹts’i,Ia
ʔwẹ¹t’i,ʔwẹt’i,Ia
ʔwẹ¹ʔmi,ʔwẹʔmi,Ia
ʔwẹ¹ʔts’i,ʔwẹʔts’i,Ia
ʔwe²ge,ʔwege,Ia
ʔwë¹²xt’i,ʔwëxt’i,Ia
ʔwe¹²ʔts’e,ʔweʔts’e,Ia
ʔwe¹ngi,ʔwengi,Ia
ʔwë¹ni,ʔwëni,Ia
ʔwë¹t’i,ʔwët’i,Ia
ʔwï¹²,ʔwï,Ia
ʔwi¹ni,ʔwini,Ia
ʔạ¹²i,ʔại,Ia
ʔạ²,ʔạ,Ia
ʔạ²ki,ʔạki,Ia
ʔạ²-pi,ʔạpi,Ia
ʔạ²t’i,ʔạt’i,Ia
ʔạ²ʔts’i,ʔạʔts’i,Ia
ʔä¹²i,ʔäi,Ia
ʔä¹²ni,ʔäni,Ia
ʔä¹²xi,ʔäxi,Ia
ʔạ¹di,ʔạdi,Ia
ʔä¹gi,ʔägi,Ia
ʔạ¹gi,ʔạgi,Ia
ʔä¹m-bi,ʔämbi,Ia
ʔä¹m-ma²hä²ki,ʔämmahäki,Ia
ʔä¹m-ma²pạ,ʔämmapạ,Ia
ʔä¹ni,ʔäni,Ia
ʔạ¹ni,ʔạni,Ia
ʔạ¹nni,ʔạnni,Ia
ʔạ¹nt’i,ʔạnt’i,Ia
ʔạ¹-pa¹nt’ë²di,ʔạpant’ëdi,Ia
ʔä¹ts’i,ʔäts’i,Ia
ʔä¹t’i,ʔät’i,Ia
ʔạ¹t’i,ʔạt’i,Ia
ʔa¹ʔmi,ʔaʔmi,Ia
ʔạ¹ʔts’i,ʔạʔts’i,Ia
ʔẹ²nt’i,ʔẹnt’i,Ia
ʔẹ²t’i,ʔẹt’i,Ia
ʔẹ²ʔts’i,ʔẹʔts’i,Ia
ʔẹ¹²i,ʔẹi,Ia
ʔẹ¹²m-bi,ʔẹmbi,Ia
ʔẹ¹²ni,ʔẹni,Ia
ʔẹ¹²ts’i,ʔẹts’i,Ia
ʔẹ¹gi,ʔẹgi,Ia
ʔẹ¹ki,ʔẹki,Ia
ʔẹ¹k-pi,ʔẹkpi,Ia
ʔẹ¹ni,ʔẹni,Ia
ʔẹ¹nts’i,ʔẹnts’i,Ia
ʔẹ¹nt’i,ʔẹnt’i,Ia
ʔẹ¹ts’i,ʔẹts’i,Ia
ʔẹ¹t’i,ʔẹt’i,Ia
ʔẹ¹ʔt’i,ʔẹʔt’i,Ia
ʔë²k-ʔyë¹²i,ʔëkʔyëi,Ia
ʔë²r-bi,ʔërbi,Ia
ʔë²s-pi,ʔëspi,Ia
ʔë²ti,ʔëti,Ia
ʔë²t’a²-mbʉ¹²i,ʔët’ambʉi,Ia
ʔë²t’i,ʔët’i,Ia
ʔë²ʔts’i,ʔëʔts’i,Ia
ʔë¹²hë,ʔëhë,Ia
ʔë¹²i,ʔëi,Ia
ʔë¹²m-bi,ʔëmbi,Ia
ʔë¹²na,ʔëna,Ia
ʔë¹²ni,ʔëni,Ia
ʔë¹²nts’i,ʔënts’i,Ia
ʔë¹²ts’i,ʔëts’i,Ia
ʔe¹²xke,ʔexke,Ia
ʔe¹²xt’e,ʔext’e,Ia
ʔe¹²ʔts’e,ʔeʔts’e,Ia
ʔe¹ke,ʔeke,Ia
ʔe¹ngi,ʔengi,Ia
ʔë¹nni,ʔënni,Ia
ʔe¹nts’i,ʔents’i,Ia
ʔe¹nt’i,ʔent’i,Ia
ʔe¹ʔmi,ʔeʔmi,Ia
ʔø²ke,ʔøke,Ia
ʔo²r-bi,ʔorbi,Ia
ʔø²the,ʔøthe,Ia
ʔø²ʔts’e,ʔøʔts’e,Ia
ʔø²ʔt’e,ʔøʔt’e,Ia
ʔo¹,ʔo,Ia
ʔo²i,ʔoi,Ia
ʔo²ts’i,ʔots’i,Ia
ʔø¹de,ʔøde,Ia
ʔø¹hna¹-hyä,ʔøhnahyä,Ia
ʔo¹hni,ʔohni,Ia
ʔø¹m-ma²nho,ʔømmanho,Ia
ʔø¹m-ma²nʔʉ,ʔømmanʔʉ,Ia
ʔø¹ts’e,ʔøts’e,Ia
ʔø¹t’e,ʔøt’e,Ia
ʔo¹ʔt’i,ʔoʔt’i,Ia
ʔu²di,ʔudi,Ia
ʔu²ti,ʔuti,Ia
ʔu²ʔmi,ʔuʔmi,Ia
ʔu¹²di,ʔudi,Ia
ʔu¹²xt’i,ʔuxt’i,Ia
ʔu¹²ʔts’i,ʔuʔts’i,Ia
ʔu¹ni,ʔuni,Ia
ʔʉ²s-pi,ʔʉspi,Ia
ʔʉ²t’i,ʔʉt’i,Ia
ʔʉ²ʔmi,ʔʉʔmi,Ia
ʔʉ²ʔts’i,ʔʉʔts’i,Ia
ʔʉ¹²i,ʔʉi,Ia
ʔʉ¹²ni,ʔʉni,Ia
ʔʉ¹²ts’i,ʔʉts’i,Ia
ʔʉ¹ʔt’i,ʔʉʔt’i,Ia
mba²fi,mbafi,Ia
ʔë¹²hë,ʔëhë,Ia
ye¹²,ye,II
bø²ka,bøka,II
bʉ¹,bʉ,II
fạ²t’i,fạt’i,II
fẹ²-jʉ,fẹjʉ,II
fẹ²hni,fẹhni,II
hmi¹²-du,hmidu,II
mbạ¹²xni,mbạxni,II
mbạ²nt’i,mbạnt’i,II
mbo²ʔmi,mboʔmi,II
mbo²ʔts’i,mboʔts’i,II
mi²hni,mihni,II
mi²x-te,mixte,II
pa²-te,pate,II
pa²-hwä,pahwä,II
pa²-mbạ¹²i,pambại,II
pa²-xjʉ,paxjʉ,II
pä²-te,päte,II
pẹ²n-the,pẹnthe,II
pẹ¹-ʔbi¹da,pẹʔbida,II
pẹ²-te,pẹte,II
pi²-ts’ʉ,pits’ʉ,II
pi¹,pi,II
pi²xi,pixi,II
pø²ke,pøke,II
pø²n-ni¹go,pønnigo,II
pʉ¹,pʉ,II
ʔbạ¹²i,ʔbại,II
ʔba²ʔts’i,ʔbaʔts’i,II
ʔbẹ²bo,ʔbẹʔbo,II
ʔbẹ²ni,ʔbẹni,II
ʔbẹ²-jwa,ʔbẹjwa,II
ʔbẹ²t’o,ʔbẹt’o,II
ʔbʉ²m-bø²ka,ʔbʉmʔbøka,II
ʔbʉ²m-ma²nho,ʔbʉmmanho,II
ʔbʉ¹²i,ʔbʉi,II
ʔbʉ¹²-xtha,ʔbʉxtha,II
ʔä²hä,ʔähä,II
ʔä²m-hu²di,ʔämhudi,II
ʔa²-do,ʔado,II
ʔa¹jʉ¹-mhạ¹²i,ʔajʉmhại,II
ʔa²-ʔyu,ʔaʔyu,II
ʔa²-ʔyʉ²mu,ʔaʔyʉmu,II
ʔẹ²x-ʔyo¹xʔyo,ʔẹxʔyoxʔyo,II
ʔẹ²-za,ʔẹza,II
ʔẹ²-te,ʔẹte,II
dä²xi,däxi,II
dä²-nhyë¹²i,dänhyëi,II
dä²nts’i,dänts’i,II
do²-re,dore,II
du²-ʔye,duʔye,II
dʉ²ʔts’i,dʉʔts’i,II
ʔë²-hya,ʔëhya,II
ʔë²m-me¹²i,ʔëmmei,II
ʔë²-te,ʔëte,II
ʔe²nts’a²-te,ʔents’ate,II
gä²ʔts’i,gäʔts’i,II
gạ²n-thä,gạnthä,II
gë¹,gë,II
go²-gu,gogu,II
hạ²-te,hạte,II
ha²-re,hare,II
hẹ²nba²-te,hẹnbate,II
hẹ²n-hạ¹²i,hẹnhại,II
hë²ta²-te,hëtate,II
he²he,hehe,II
he²ts’e,hets’e,II
hi¹,hi,II
hna²-thä,hnathä,II
ho²-du,hodu,II
hø¹n-ni¹gu,hønnigu,II
ho²-te,hote,II
hu¹²i,hui,II
hwa²n-jʉ,hwanjʉ,II
hwä¹²ʔts’i,hwäʔts’i,II
hwẹ¹²ts’i,hwẹts’i,II
hʉ²xi,hʉxi,II
hyo²ya,hyoya,II
ʔï²ti²mma¹-te,ʔïtimmate,II
ʔï²ti,ʔïti,II
jä²t’i,jät’i,II
jø²t’e,jøt’e,II
jwa²ts’i,jwats’i,II
kạ²-ʔyu,kạʔyu,II
kø¹²ʔt’e,køʔt’e,II
kʉ²ni,kʉni,II
k’a²t’i,k’at’i,II
k’ä²du,k’ädu,II
k’ä²ts’i,k’äts’i,II
k’ë¹,k’ë,II
k’wä²ts’i,k’wäts’i,II
k’ʉ²t’i,k’ʉt’i,II
k’ʉ¹n-the¹de,k’ʉnthede,II
na²ni,nani,II
nda²ni,ndani,II
nda²ts’i,ndats’i,II
nde²-hme,ndehme,II
nde²-the,ndethe,II
nde²-t’ä²hä,ndet’ähä,II
ndø²ts’e,ndøts’e,II
ne¹²i,nei,II
ne²-te,nete,II
ni²yä,niyä,II
nu²hu,nuhu,II
ʔo²-fạ²di,ʔofạdi,II
ʔo²ʔyu,ʔoʔyu,II
ʔo¹²h-fʉ²ni,ʔohfʉni,II
tä²-pa²do,täpado,II
tä²-te,täte,II
tä¹-dẹ¹thä,tädẹthä,II
tẹ²t’i,tẹt’i,II
tẹ²-xä²hi,tẹxähi,II
the²de,thede,II
thu¹-dẹ¹thä,thudẹthä,II
thʉ²-thä,thʉthä,II
thʉ²-ʔbe¹ni,thʉʔbeni,II
thʉ¹,thʉ,II
tï¹,tï,II
ti²hi,tihi,II
tsạ²-te,tsạte,II
tsạ²ya,tsạya,II
tsa²n-te,tsante,II
tsạ¹ndä¹-te,tsạndäte,II
sẹ²ya,tsẹya,II
tsi²x-te,tsixte,II
tsi²-hme,tsihme,II
tsi²-the,tsithe,II
tsi²-t’ë¹²i,tsit’ëi,II
tsʉ¹,tsʉ,II
tsʉ²-te,tsʉte,II
ts’ạ¹²ki,ts’ạki,II
ts’a¹²,ts’a,II
ts’ï¹-da¹-nthe¹de,ts’ïdanthede,II
tu²-mbø²ni,tumbøni,II
tu²-na²-mpa,tunampa,II
tu²-na²-ntsẹ,tunantsẹ,II
tu²nʔa¹-ʔyo,tunʔaʔyo,II
tu²-the,tuthe,II
tu²-ʔbi,tuʔbi,II
tu²hu,tuhu,II
tu²-jʉ,tujʉ,II
tu²-ma²nthu¹hu,tumanthuhu,II
tʉ²-jʉ,tʉjʉ,II
tʉ¹k-ka¹fe,tʉkkafe,II
wä²pa²-jʉ,wäpajʉ,II
wä²pa²-ka²fe,wäpakafe,II
wä²p-thu¹hu,wäpthuhu,II
wä²p-t’ë¹ʔyo,wäpt’ëʔyo,II
wä²-ʔbo²xʔyo²,wäʔboxʔyo,II
wä²-ʔye,wäʔye,II
wä²hi,wähi,II
wä¹-dä¹po,wädäpo,II
wë²t’i,wët’i,II
xạ²-dạ,xạdạ,II
xä²h-thä,xähthä,II
xạ²n-the,xạnthe,II
xi²-bø²ka,xibøka,II
xø²m-hmi,xømhmi,II
xo²fo,xofo,II
xo²-thä,xothä,II
xʉ²-dạ,xʉdạ,II
xʉ²-ʔyẹ,xʉʔyẹ,II
xʉ²,xʉ,II
ʔʉ²h-jʉ,ʔʉhjʉ,II
ʔʉ²-na²ni,ʔʉnani,II
yä¹,yä,II
yä²-fạ²di,yäfạdi,II
yä²-ma²nho,yämanho,II
yä²-mfø,yämfø,II
yä²-njo²t’re,yänjot’re,II
ye²h=tho,yehtho,II
yë²gi,yëgi,II
yo²ho,yoho,II
yʉ¹²-mma²nho,yʉmmanho,II
yʉ¹²-mma²nʔu,yʉmmanʔu,II
yʉ¹²-mʔbi²fi,yʉmʔbifi,II
yʉ¹²ni,yʉni,II
za²-mbʉ¹²i,zambʉi,II
zä¹mmi,zämmi,II
zo²ni,zoni,II
zʉ²di,zʉdi,II
ʔda²sẹ,ʔdasẹ,II
ʔdø²ke,ʔdøke,II
ʔwä²ki,ʔwäki,II
ʔya²i,ʔyai,II
ʔyä²-tsạ,ʔyätsạ,II
ʔyä²h-hi,ʔyähhi,II
ʔyo¹,ʔyo,II
ʔyo²-ma²nza²ki,ʔyomanzaki,II
ʔyo¹²-mt’ë¹²ni,ʔyomt’ëni,II
ʔyo²-mxu²di,ʔyomxudi,II
ʔyo²-xu¹²i,ʔyoxui,II
ʔyo¹-dä¹po,ʔyodäpo,II
ʔyo¹-fa¹ni,ʔyofani,II
ʔyo²-gwa,ʔyogwa,II
k’wẹ¹²nt’i,k’wẹnt’i,II
xi²x-yä¹bi,xixyäbi,Ia
hwë¹²gi,hwëgi,Ia
fø¹²ta²-do,føtado,Ia
fẹ¹m-hyä,fẹmhyä,Ia
hä²kma²-nt’ä¹gi,häkmant’ägi,Ia
pạ¹ma²-nt’ä¹gi,pạmant’ägi,Ia
pạ¹ni,pạni,Ia
pø²r-be,pørbe,Ia
thï²-xtha,thïxtha,Ia
thï¹ʔa¹-xʉ¹²tha,thïʔaxʉtha,Ia
to¹ʔma¹-hạ¹²i,toʔmahại,Ia
tsä¹ts’i,tsäts’i,Ia
tẹ²s-pi,tẹspi,Ia
ʔyo²-do²ndo,ʔyodondo,Ia
de¹²=tho,detho,Ia
xạ¹-ʔyẹ,xạʔyẹ,Ia
te¹,te,Ia
ʔä²nba²-tho¹ho,ʔänbathoho,Ia
ʔyo²-ma²ngä¹t’i,ʔyomangät’i,II
ʔyo²-mhu¹²di,ʔyomhudi,II
ʔyo¹-xi¹ngwa,ʔyoxingwa,II
ʔa¹ka¹-ʔyo,ʔakaʔyo,II
do²-gwa,dogwa,II
tsẹ²n-ʔyo²xʔyo,tsẹnʔyoxʔyo,II
ʔʉ²t’i¹-na¹ni,ʔʉt’inani,II
yä²-xạ²dạ,yäxạdạ,II
yä¹-hyu,yähyu,II
yä¹²-ma²mbʉ²ʔts’i,yämambʉʔts’i,II
yä¹²-ma²ngä¹t’i,yämangät’i,II
yë²h-ra²-xʉ¹tha,yëhraxʉtha,II
zø²k’a²t’i,zøk’at’i,II
pạ²t’i,pạt’i,Ia
pø²m-hya²ts’i,pømhyats’i,Ia
pø²m-ma²nho,pømmanho,Ia
pø²m-ma²nʔʉ,pømmanʔʉ,Ia
po¹,po,Ia
pø²hø,pøhø,Ia
bo¹²ki,boki,Ia
po²ngi,pongi,Ia
pø²ts’e,pøts’e,Ia
bo¹²ʔts’i,boʔts’i,Ia
fo²gi,fogi,Ia
fo²nts’i,fonts’i,Ia
po²x-jwa,poxjwa,Ia
tä¹,tä,Ia
thä²ʔts’i,thäʔts’i,Ia
tha²gi,thagi,Ia
thẹ¹,thẹ,Ia
tẹ¹²hẹ,tẹhẹ,Ia
tu¹²=tho,tutho,Ia
thu²gi,thugi,Ia
fe²t’e,fet’e,Ia
fø²ge,føge,Ia
fø²ts’e,føts’e,Ia
fʉ²gi,fʉgi,Ia
fʉ²mmi,fʉmmi,Ia
fʉ²ngi,fʉngi,Ia
fʉ²nt’i,fʉnt’i,Ia
fʉ²ts’i,fʉts’i,Ia
kä¹²,kä,Ia
kä¹²,kä,Ia
kä²h-fʉ²gi,kähfʉgi,Ia
kä²-mfi,kämfi,Ia
kä²-pa,käpa,Ia
kä¹pʉ,käpʉ,Ia
kä²-ʔbø²ngu¹²i,käʔbøngui,Ia
kä²ts’i,käts’i,Ia
jạ²gi,jạgi,Ia
ko²t’a¹-ʔyu,kot’aʔyu,Ia
ko²m-ma²nho,kommanho,Ia
ju²ni,juni,Ia
jwa²di,jwadi,Ia
kwe²nts’i,kwents’i,Ia
hwë²t’i,hwët’i,Ia
hwi²xki,hwixki,Ia
hwï²gi,hwïgi,Ia
hwi²ngi,hwingi,Ia
hwï²ts’i,hwïts’i,Ia
hwï²t’i,hwït’i,Ia
ha²ts’i,hats’i,Ia
hẹ²t’i,hẹt’i,Ia
hø¹²e,høe,Ia
hø²de,høde,Ia
hu¹-xa²di,huxadi,Ia
k’o²gi,k’ogi,Ia
k’o²ts’i,k’ots’i,Ia
k’wẹ²nts’i,k’wẹnts’i,Ia
k’ʉ²gi,k’ʉgi,Ia
pạ¹²ki,pạki,Ia
pa²nni,panni,Ia
pa¹²ha,paha,Ia
pa²xki,paxki,Ia
pe²nts’i,pents’i,Ia
pi²gi,pigi,Ia
po²-ji,poji,Ia
po²pa²-de¹he,popadehe,Ia
pø²xke,pøxke,Ia
po¹,po,Ia
po²-nthe,ponthe,Ia
pø²t’e,pøt’e,Ia
pʉ²ngi,pʉngi,Ia
pʉ²nt’i,pʉnt’i,Ia
pʉ¹²xki,pʉxki,Ia
nde²ni,ndeni,Ia
ti¹,ti,Ia
ti²di,tidi,Ia
ti²ts’i,tits’i,Ia
tʉ²gi,tʉgi,Ia
tʉ²ngi,tʉngi,Ia
tʉ²t’i,tʉt’i,Ia
ne²ts’i,nets’i,Ia
thạ²hạ,thạhạ,Ia
thẹ²t’i,thẹt’i,Ia
tho²ts’i,thots’i,Ia
thu²mmi,thummi,Ia
thu²nt’i,thunt’i,Ia
t’i²gi,t’igi,Ia
xạ¹,xạ,Ia
xạ²gi,xạgi,Ia
xẹ²gi,xẹgi,Ia
xẹ²t’i,xẹt’i,Ia
xø²ge,xøge,Ia
xo²gi,xogi,Ia
xø²ts’e,xøts’e,Ia
xø¹ge,xøge,Ia
xo²t’i,xot’i,Ia
yä²ts’i,yäts’i,Ia
yø¹²e,yøe,Ia
yø²t’e,yøt’e,Ia
yu²di,yudi,Ia
kʉ²n-zo²nni,kʉnzonni,Ia
kʉ¹,kʉ,Ia
kʉ²ts’i,kʉts’i,Ia
tsä²ki,tsäki,Ia
tsa²-mfi,tsamfi,Ia
tsä²t’i,tsät’i,Ia
tsẹ²t’i,tsẹt’i,Ia
tsi²nni,tsinni,Ia
tsi²ʔt’i,tsiʔt’i,Ia
tso²ts’i,tsots’i,Ia
ʔda²t’i,ʔdat’i,Ia
ʔdo²gi,ʔdogi,Ia
ʔwa²gi,ʔwagi,Ia
ʔya¹,ʔya,Ia
ʔa²gi,ʔagi,Ia
ʔyẹ²t’i,ʔyẹt’i,Ia
ʔø²ge,ʔøge,Ia
ʔø²t’e,ʔøt’e,Ia
ʔo¹ʔi¹n de,ʔoʔi nde,Ia
ʔø²ts’e,ʔøts’e,Ia
ʔo²t’i,ʔot’i,Ia
be²nts’i,bents’i,II
be²ʔts’e,beʔts’e,II
bi²nts’i,bints’i,II
bi¹,bi,II
fạ²-ʔye,fạʔye,II
fẹ²n-te,fẹnte,II
fe¹,fe,II
fø²ge,føge,II
fo¹,fo,II
fø²,fø,II
fo²ts’i,fots’i,II
fʉ¹²-mhya²di,fʉmhyadi,II
fʉ²ni,fʉni,II
mba²ʔts’i,mbaʔts’i,II
mbẹ²di,mbẹdi,II
mbo²t’i,mbot’i,II
mbo¹²ki,mboki,II
po²ki,poki,II
ʔbẹ¹-xø¹ʔts’e,ʔbẹxøʔts’e,II
ʔbi²t’i,ʔbit’i,II
ʔbø²hø,ʔbøhø,II
ʔbø²m-ma²mba,ʔbømmamba,II
ʔbo²ni,ʔboni,II
ʔbø²ni,ʔbøni,II
ʔbø¹²ts’e,ʔbøts’e,II
ʔbʉ²ʔts’i,ʔbʉʔts’i,II
dä²-ʔye,däʔye,II
de¹²,de,II
di¹,di,II
di²nts’i,dints’i,II
do²t’i,dot’i,II
do²ngi,dongi,II
dø²ni,døni,II
dʉ¹,dʉ,II
gạ²ni,gạni,II
gu²xi,guxi,II
gʉ¹²hmi,gʉhmi,II
gʉ¹²ʔt’i,gʉʔt’i,II
hndø²ni,hndøni,II
hwẹ¹²ts’i,hwẹts’i,II
hya²di,hyadi,II
jạ¹,jạ,II
ja¹,ja,II
ja¹ts’ẹ¹di¹²=tho,jats’ẹditho,II
jo¹,jo,II
k’ä¹,k’ä,II
k’ä²ki,k’äki,II
k’ẹ¹²,k’ẹ,II
k’o¹,k’o,II
k’wa¹,k’wa,II
k’ʉ¹,k’ʉ,II
nda²t’i,ndat’i,II
ʔo¹²-mfi,ʔomfi,II
ʔo²ki,ʔoki,II
ʔo²ʔts’i,ʔoʔts’i,II
tho²n-the,thonthe,II
tø²ge,tøge,II
tsa¹p-a¹xi,tsapaxi,II
tsa²-te,tsate,II
tso¹²ki,tsoki,II
ts’ï¹,ts’ï,II
tʉ²nts’i,tʉnts’i,II
t’ẹ²t’i,t’ẹt’i,II
t’i¹,t’i,II
t’ø²ʔts’e,t’øʔts’e,II
wẹ¹,wẹ,II
xä²-do,xädo,II
xa²-gui¹²,xagui,II
yu¹²ʔts’i,yuʔts’i,II
yʉ¹²n-zi²nni,yʉnzinni,II
zä¹²i,zäi,II
zẹ²ʔts’i,zẹʔts’i,II
zø¹²,zø,II
zʉ²ʔts’i,zʉʔts’i,II
zʉ²ni,zʉni,II
ʔdo¹²,ʔdo,II
ʔwä²ts’i,ʔwäts’i,II
ʔya¹-ʔyo¹ni,ʔyaʔyoni,II
ʔye¹²,ʔye,II
de¹,de,II
n=bʉ²ʔts’i,bʉʔts’i,II
n=ʔbo²n-zu¹²i,ʔbonzui,II
n=dä²-hxu²di,dähxudi,II
n=dä²-hya²ts’i,dähyats’i,II
n=dä²-ʔye,däʔye,II
n=ja²,ja,II
n=thʉ²ʔts’i,thʉʔts’i,II
n=xä²-fo,xäfo,II
n=xa¹²-ndo,xando,II
n=xi¹n-the,xinthe,II
n=xu¹²i,xui,II
n=ʔʉ²nba²-te,ʔʉnbate,II
bo¹²,bo,III
bo¹ki,boki,III
bo¹t’i,bot’i,III
dạ¹²,dạ,III
de¹ni,deni,III
fa¹²i,fai,III
fa¹t’i,fat’i,III
fẹ²xni,fẹxni,III
gi²nni,ginni,III
gu²hni,guhni,III
gʉ¹ts’i,gʉts’i,III
ha²x-ma²nho,haxmanho,III
hï¹²,hï,III
hma¹ngi,hmangi,III
hyạ¹t’i,hyạt’i,III
hyẹ²h=tho,hyẹhtho,III
hyẹ¹²ngi,hyẹngi,III
hyẹ¹²ʔts’i,hyẹʔts’i,III
jạ²hni,jạhni,III
ju¹gi,jugi,III
jʉ¹²ʔt’i,jʉʔt’i,III
ko¹²ngi,kongi,III
k’a¹²xt’i,k’axt’i,III
k’a¹²ʔts’i,k’aʔts’i,III
k’a¹mmi,k’ammi,III
k’a¹ngi,k’angi,III
mu²wi,muwi,III
na¹²xki,naxki,III
pe¹ge,pege,III
thẹ¹²ngi,thẹngi,III
thø²xni,thøxni,III
ts’ʉ²-nhyẹ¹ts’i,ts’ʉnhyẹts’i,III
tu²ʔmi,tuʔmi,III
t’a¹²xki,t’axki,III
xa¹²i,xai,III
xä²ʔts’i,xäʔts’i,III
xä¹gi,xägi,III
xä¹ki,xäki,III
xạ¹ni,xạni,III
ʔʉ¹gi,ʔʉgi,III
zø²t’e,zøt’e,III
ʔba²ʔmi,ʔbaʔmi,III
ʔdo¹ngi,ʔdongi,III
ʔyẹ¹mmi,ʔyẹmmi,III
bi²nni,binni,IV
fạ¹²i,fại,IV
ma¹ki,maki,IV
me¹,me,IV
me¹²t’i,met’i,IV
pẹ²ti,pẹti,IV
ʔba²hni,ʔbahni,IV
ʔbo²t’i,ʔbot’i,IV
di²nni,dinni,IV
dï²xni,dïxni,IV
gạ²nni,gạnni,IV
gë²nni,gënni,IV
gu²xni,guxni,IV
hø²hni,høhni,IV
hwẹ²ti,hwẹti,IV
hʉ²xhni,hʉxhni,IV
ʔi¹²xki,ʔixki,IV
jo²hni,johni,IV
jo²xni,joxni,IV
jwä¹ni,jwäni,IV
kʉ²ni,kʉni,IV
k’ẹ²hni,k’ẹhni,IV
k’ẹ²xhni,k’ẹxhni,IV
k’wa²hni,k’wahni,IV
k’wa²ʔmi,k’waʔmi,IV
k’wa²ʔts’i,k’waʔts’i,IV
k’wë²hë,k’wëhë,IV
k’wë²ti,k’wëti,IV
ndʉ²hʉ,ndʉhʉ,IV
ne²ki,neki,IV
ne¹ki,neki,IV
tho²ni,thoni,IV
thʉ²xni,thʉxni,IV
tø¹²ge,tøge,IV
ts’a²hni,ts’ahni,IV
ts’ạ¹ngi,ts’ạngi,IV
ts’ạ¹nt’i,ts’ạnt’i,IV
ts’ä¹ts’i,ts’äts’i,IV
ts’ï²hni,ts’ïhni,IV
t’i²hni,t’ihni,IV
t’i²xni,t’ixni,IV
t’ø¹hø,t’øhø,IV
ʔu¹²t’i,ʔut’i,IV
xa²xni,xaxni,IV
xi²nni,xinni,IV
xo¹,xo,IV
xu¹²ni,xuni,IV
ʔʉ²ʔt’i,ʔʉʔt’i,IV
ʔʉ¹²ni,ʔʉni,IV
yä²ti,yäti,IV
yë¹²ʔts’i,yëʔts’i,IV
yo²xni,yoxni,IV
zø²-te,zøte,IV
ʔdo²hni,ʔdohni,IV
me¹gi,megi,IV
k’o²hni,k’ohni,IV
n=de¹be,debe,IV
n=du²nni,dunni,IV
n=gä²m-bi,gämbi,IV
n=gä¹nts’i,gänts’i,IV
n=hạ¹²i,hại,IV
n=hạ¹²nt’i,hạnt’i,IV
n=ha¹²xka¹-hạ¹²i,haxkahại,IV
n=he¹ke,heke,IV
n=he²ke,heke,IV
n=hnu¹²ngi,hnungi,IV
n=hya¹²ni,hyani,IV
n=hyẹ¹²ts’i,hyẹts’i,IV
n=hyë²n=tho,hyëntho,IV
n=hyʉ²ki,hyʉki,IV
n=jạ¹²t’i,jạt’i,IV
n=jwe²ni,jweni,IV
n=ko²t’i,kot’i,IV
n=k’wa²ni,k’wani,IV
n=k’wa¹nts’i,k’wants’i,IV
n=k’wa¹nt’i,k’want’i,IV
n=na²ʔmi,naʔmi,IV
n=nu¹²nni,nunni,IV
n=nu¹nts’i,nunts’i,IV
n=tẹ¹²hẹ,tẹhẹ,IV
n=tẹ²ʔmi,tẹʔmi,IV
n=tẹ¹²ts’i,tẹts’i,IV
n=thä²nts’i,thänts’i,IV
n=to¹²ni,toni,IV
n=ts’o¹²ni,ts’oni,IV
n=tʉ¹²ni,tʉni,IV
n=t’a¹²xki,t’axki,IV
n=wä¹nts’i,wänts’i,IV
n=xä¹²n-thø,xänthø,IV
n=xï¹ki,xïki,IV
n=xo²ki,xoki,IV
n=xø¹²ngi,xøngi,IV
n=xo¹ni,xoni,IV
n=xu²ni,xuni,IV
n=xu¹t’i,xut’i,IV
n=xʉ²di,xʉdi,IV
n=ʔwẹ²ni,ʔwẹni,IV
n=ʔwë¹²xt’i,ʔwëxt’i,IV
n=ʔyạ²n=tho,ʔyạntho,IV
n=bʉ²nni,bʉnni,IV
n=fạ¹ni,fạni,IV
n=fẹ¹,fẹ,IV
n=fï²ts’i,fïts’i,IV
n=mu²t’i,mut’i,IV
n=pe¹²xke,pexke,IV
n=pø²ke,pøke,IV
n=pø¹de,pøde,IV
n=pu²ni,puni,IV
n=pʉ²gi,pʉgi,IV
n=ʔbe²ʔmi,ʔbeʔmi,IV
n=ʔbø¹nt’i,ʔbønt’i,IV
n=dạ¹,dạ,IV
n=ʔi¹²ngi,ʔingi,IV
n=ʔyẹ¹nts’i,ʔyẹnts’i,IV
n=ʔyu²-pi,ʔyupi,IV
n=hạ¹²nts’i,hạnts’i,IV
n=tø¹²k=tho¹²ho,tøkthoho,IV
n=ye¹²ke,yeke,IV
tho²ni,thoni,Ia
ʔbo²-mfi,ʔbomfi,Ia
hwi²t’i,hwit’i,Ia
ʔbạ¹m-ma²nhë,ʔbạm  manhë,II
ja²=tho,jatho,II
yʉ¹²m-ma²nʔi¹²xi,yʉmmanʔixi,II
ya¹ʔa¹bi,yaʔabi,III
yo²ti,yoti,III
