stem,lexeme,class
abbat,аббат,ik
ad,ад,ik-ok
aljbom,алйбом,chik
alkogolj,алкоголй,ik
almaz,алмаз,ik
altarj,алтарй,ik
ambar,амбар,chik
amur,амур,chik
anatom,анатом,ik
angjel,ангйел,chik-ok
anjekdot,анйекдот,ik
anjekdotjets,анйекдотйетс,ik
ankjer,анкйер,ok
ant,ант,ik
apjeljsjin,апйелйсйин,chik
apostol,апостол,ik
apparat,аппарат,ik
ar,ар,chik-ik-ok
arab,араб,chik
arap,арап,chik
arbuz,арбуз,ik
arik,арик,ok
arjestant,арйестант,ik
arjistokrat,арйистократ,ik
aromat,аромат,ik
arshin,аршин,chik
as,ас,ok
atljet,атлйет,ik
avtomobjilj,автомобйилй,chik
az,аз,ik
bak,бак,ok
bal,бал,ok
balagan,балаган,chik
balik,балик,ok
balkon,балкон,chik
ballon,баллон,chik
banan,банан,chik
bank,банк,ok
bant,бант,ik
bar,бар,ik-ok
baraban,барабан,chik
baran,баран,ik-ok
baranjets,баранйетс,chik-ik
barish,бариш,ok
barjjer,барййер,chik
baron,барон,chik
bars,барс,ik
barsuk,барсук,ok
barxan,бархан,chik
bas,бас,ok
bash,баш,ok
bashmak,башмак,ok
bastr,бастр,ik
batog,батог,ok
baton,батон,chik
batrak,батрак,ok
baul,баул,chik
baz,баз,ik-ok
bazar,базар,chik
bik,бик,ok
bit,бит,ok
bjegjemot,бйегйемот,ik
bjegun,бйегун,ok
bjel,бйел,chik-ik-ok
bjeljak,бйеляк,ok
bjerjeg,бйерйег,ok
bjes,бйес,ok
bjichj,бйичй,ok
bjidon,бйидон,chik
bjiljet,бйилйет,ik
bjirjuchj,бйирючй,ok
bjit,бйит,ok
bjust,бюст,ik
bljin,блйин,chik-ok
blok,блок,ok
bloknot,блокнот,ik
bob,боб,ik-ok
bobr,бобр,ik
bochjag,бочяг,ok
bodrjak,бодряк,ok
bog,бог,ok
bojevjik,бойевйик,ok
bok,бок,ok
bokal,бокал,chik
boljshevjik,болйшевйик,ok
bolt,болт,ik
bolvan,болван,chik
bor,бор,chik-ik-ok
bordjur,бордюр,chik
borjets,борйетс,ik
borov,боров,ik-ok
borovjik,боровйик,ok
borshshj,боршшй,ik
bort,борт,ik
bot,бот,ik-ok
brasljet,браслйет,ik
brat,брат,ik-ok
bratjets,братйетс,ik
brjed,брйед,ok
brjikjet,брйикйет,ik
brjilljiant,брйиллйиант,ik
bronjevjik,бронйевйик,ok
brus,брус,ok
bubjen,бубйен,ok
bubjenjets,бубйенйетс,chik-ik
bugor,бугор,ok
bukjet,букйет,ik
bur,бур,ik-ok
burak,бурак,ok
burav,бурав,chik
burt,бурт,ik
burun,бурун,chik
burunduk,бурундук,ok
burzhuj,буржуй,chik
but,бут,ik-ok
butjerbrod,бутйерброд,ik
buton,бутон,chik
chjal,чял,ik-ok
chjan,чян,chik-ik-ok
chjas,чяс,ik-ok
chjebak,чйебак,ok
chjekan,чйекан,chik
chjelnok,чйелнок,ok
chjemodan,чйемодан,chik
chjepjets,чйепйетс,chik-ik
chjerdak,чйердак,ok
chjerjep,чйерйеп,ok
chjerpak,чйерпак,ok
chjervjak,чйервяк,ok
chjervonjets,чйервонйетс,chik-ik
chjetvjertak,чйетвйертак,ok
chjex,чйех,ok
chjexol,чйехол,chik
chjin,чйин,ok
chjinar,чйинар,ik
chjizh,чйиж,ik-ok
chjljen,чйлйен,ik
chjobot,чйобот,ok
chjort,чйорт,ok
chjos,чйос,ok
chjot,чйот,ok
chjub,чюб,chik-ik-ok
chjugun,чюгун,ok
chjulan,чюлан,chik
chjum,чюм,ik
chjurbak,чюрбак,ok
chjurban,чюрбан,chik
dar,дар,ik-ok
dim,дим,ok
djed,дйед,ik-ok
djeljfjin,дйелйфйин,chik
djergun,дйергун,chik
djetsad,дйетсад,ik
djiabjet,дйиабйет,ik
djiagnost,дйиагност,ik
djialjekt,дйиалйект,ik
djinozavr,дйинозавр,ik
djivan,дйиван,chik
djjak,дйяк,ok
dobrjak,добряк,ok
dogmat,догмат,ik
dok,док,ok
dokumjent,докумйент,ik
dolg,долг,ok
dollar,доллар,chik
dom,дом,ik-ok
don,дон,ok
donjets,донйетс,chik-ik
donos,донос,ik
dozhdj,дождй,ik
dozhdjik,дождйик,ok
drakon,дракон,chik
drot,дрот,ik
drozd,дрозд,ok
drug,друг,ok
dub,дуб,ik-ok
durak,дурак,ok
dush,душ,ok
dvojnjik,двойнйик,ok
dvor,двор,ik
ekran,екран,chik
ekzjempljar,екзйемпляр,chik
ekzot,екзот,ik
elj,елй,ik
eljektromotor,елйектромотор,chik
eljektron,елйектрон,ik
eljektroshshjit,елйектрошшйит,ok
epjizod,епйизод,ik
erl,ерл,ik
estjet,естйет,ik
etjud,етюд,ik
evjen,евйен,ok
fakt,факт,ik
fal,фал,ik
fant,фант,ik
fat,фат,ik
fjeljjeton,фйелййетон,chik
fjert,фйерт,ik
fjeston,фйестон,chik
fjial,фйиал,ok
flag,флаг,ok
flakon,флакон,chik
fonarj,фонарй,ik
fontan,фонтан,chik
ford,форд,ik
frant,франт,ik
frantsuz,франтсуз,ik
fronton,фронтон,chik
funt,фунт,ik
furgon,фургон,chik
futljar,футляр,chik
gad,гад,ik
ganjets,ганйетс,chik-ik
gaz,газ,ik
gazon,газон,chik
gimnazjist,гимназйист,ik
gjen,гйен,chik-ok
gjenjeral,гйенйерал,chik
glad,глад,ik-ok
glaz,глаз,ok
glot,глот,ok
gnojnjik,гнойнйик,ok
gnom,гном,ik
god,год,ik-ok
godovjik,годовйик,ok
gol,гол,ik-ok
golavlj,голавлй,ik
golish,голиш,ok
golod,голод,ok
golos,голос,ok
golubjets,голубйетс,chik-ik
gon,гон,ok
gonjets,гонйетс,chik-ik
gonorar,гонорар,chik
gorb,горб,ik-ok
gorbun,горбун,ok
gorjun,горюн,ok
gorn,горн,ik
gorod,город,ok
gorox,горох,ok
gospodarj,господарй,ik
gospodjin,господйин,chik
gostjinjets,гостйинйетс,chik-ik
got,гот,ik
govor,говор,ok
grachj,грачй,ik
graf,граф,chik-ik
grafjin,графйин,chik
grammofon,граммофон,chik
gran,гран,ik-ok
grjebjenj,грйебйенй,ik
grjex,грйех,ok
grjib,грйиб,ik-ok
grob,гроб,ik
grom,гром,ik-ok
grosh,грош,ik
gruz,груз,ik-ok
gruzovjik,грузовйик,ok
gud,гуд,ok
gul,гул,ik
gusar,гусар,ik
gusj,гусй,ik
guzh,гуж,ik
gvozdj,гвоздй,ik
idjiot,идйиот,ik
idol,идол,chik
il,ил,chik-ok
intjelljigjent,интйеллйигйент,ik
ion,ион,ik-ok
ishak,ишак,ok
istukan,истукан,chik
iznos,износ,ok
jad,яд,ok
jal,ял,ik
jam,ям,ok
jar,яр,ik-ok
jarlik,ярлик,ok
jas,яс,ok
jastrjeb,ястрйеб,ok
jaz,яз,ok
jazik,язик,ok
jazj,язй,ik
jer,йер,ok
jerj,йерй,ik
jevrjej,йеврйей,chik
jorsh,йорш,ok
jur,юр,chik-ik-ok
jus,юс,ok
jut,ют,ok
juz,юз,ik
kabak,кабак,ok
kaban,кабан,chik-ok
kabjinjet,кабйинйет,ik
kabluk,каблук,ok
kadjet,кадйет,ik
kadr,кадр,ik
kaftan,кафтан,chik
kal,кал,ik
kalachj,калачй,ik
kaljendarj,калйендарй,ik
kaljin,калйин,ik-ok
kalmik,калмик,ok
kamish,камиш,ok
kanal,канал,chik
kanat,канат,ik
kanon,канон,ik
kant,кант,ik
kap,кап,ok
kapjitaljist,капйиталйист,ik
kapkan,капкан,chik
karabjin,карабйин,chik
karandash,карандаш,ik
karapuz,карапуз,ik
karasj,карасй,ik
karman,карман,chik
karnjiz,карнйиз,ik
karp,карп,ik
kartuz,картуз,ik
kat,кат,ik-ok
katish,катиш,ok
katjer,катйер,ok
kazak,казак,ok
kazan,казан,ok
kjij,кйий,ik
kjilj,кйилй,ik
kjilogramm,кйилограмм,chik
kjinzhal,кйинжал,chik
kjirpjichj,кйирпйичй,ik
kjit,кйит,ik
klad,клад,ok
klass,класс,ik
klik,клик,ok
kljap,кляп,ik
kljer,клйер,ik
kljeshshj,клйешшй,ik
kljin,клйин,ok
kljir,клйир,ik
kljon,клйон,ok
kljov,клйов,ok
kljuchj,ключй,ik-ok
kljuv,клюв,ik
klok,клок,ok
klop,клоп,ik
klub,клуб,ok
klubok,клубок,ok
knut,кнут,ik
kochjan,кочян,chik-ok
kochjet,кочйет,ok
kok,кок,ok
kokon,кокон,chik
kol,кол,chik-ik-ok
koldun,колдун,ok
kolob,колоб,ok
kolokol,колокол,chik
kolon,колон,ok
kolos,колос,ok
kolpak,колпак,ok
kolxoz,колхоз,ik
kom,ком,ik-ok
komar,комар,ik-ok
komjissar,комйиссар,ik
komod,комод,ik
kon,кон,chik-ik-ok
konjets,конйетс,ik
konjux,конюх,ok
konoval,коновал,chik
konvjert,конвйерт,ik
kopil,копил,ok
kopt,копт,ik
korablj,кораблй,ik
kord,корд,ik
korjets,корйетс,chik-ik
korjidor,корйидор,chik
korm,корм,ik
korn,корн,ik
korob,короб,ok
kort,корт,ik
korzh,корж,ik
kosarj,косарй,ik
kosh,кош,ok
koshmar,кошмар,ik
kosjak,косяк,ok
kostjerj,костйерй,ik
kostjor,костйор,ok
kostjum,костюм,chik
kot,кот,ik-ok
kotjol,котйол,ok
kottjedzh,коттйедж,ik
kovjor,ковйор,ik
kovsh,ковш,ik
kozhan,кожан,ok
kozhux,кожух,ok
kozjol,козйол,ik-ok
kozon,козон,ok
krab,краб,ik
kran,кран,ik
krasavjets,красавйетс,chik-ik
krat,крат,ok
krjak,кряк,ok
krjazh,кряж,ik-ok
krjep,крйеп,ok
krjest,крйест,ik
krjistall,крйисталл,ik
krjuk,крюк,ok
krokodjil,крокодйил,chik
krolj,кролй,ik
kron,крон,ik
krot,крот,ik-ok
krug,круг,ok
krugljash,кругляш,ok
kub,куб,ik-ok
kubarj,кубарй,ik
kuchjer,кучйер,ok
kulak,кулак,ok
kulj,кулй,ik
kuljichj,кулйичй,ik-ok
kuljt,кулйт,ik
kum,кум,ok
kumjir,кумйир,chik
kun,кун,ik
kupjets,купйетс,chik-ik
kupol,купол,ok
kur,кур,chik-ik-ok
kurgan,курган,chik
kurs,курс,ik
kus,кус,ik-ok
kusok,кусок,ok
kust,куст,ik
kut,кут,ik-ok
kuvshin,кувшин,chik
kuzov,кузов,ok
kvadrat,квадрат,ik
kvas,квас,ok
kvjit,квйит,ok
lad,лад,ik-ok
lak,лак,ok
lan,лан,chik-ok
larj,ларй,ik
larjets,ларйетс,chik-ik
last,ласт,ik
lavr,лавр,ik
laz,лаз,ok
ljad,ляд,ok
ljax,лях,ok
ljedjenjets,лйедйенйетс,chik-ik
ljednjik,лйеднйик,ok
ljejtjenant,лйейтйенант,ik
ljemjex,лйемйех,ok
ljen,лйен,chik-ik
ljenchj,лйенчй,ik
ljes,лйес,ik-ok
ljeshshj,лйешшй,ik
ljesovjik,лйесовйик,ok
ljetopjisjets,лйетопйисйетс,ik
ljev,лйев,chik-ik-ok
ljif,лйиф,chik
ljiljiput,лйилйипут,ik
ljimon,лйимон,chik
ljis,лйис,ik-ok
ljist,лйист,ik-ok
ljistok,лйисток,ok
ljod,лйод,ok
ljon,лйон,ok
ljot,лйот,ok
ljubjimjets,любйимйетс,chik-ik
ljud,люд,ik-ok
ljuk,люк,ok
lob,лоб,ik-ok
loban,лобан,chik-ok
log,лог,ik-ok
logist,логист,ik
lokon,локон,chik
lom,лом,ik-ok
lopux,лопух,ok
losj,лосй,ik
loskut,лоскут,ik-ok
lot,лот,ok
lov,лов,ik-ok
lox,лох,ok
lub,луб,ok
luchj,лучй,ik
lug,луг,ok
luk,лук,ok
lunj,лунй,ik
mag,маг,ik
magazjin,магазйин,chik
magnjit,магнйит,ik
majak,маяк,ok
mak,мак,ok
maksjim,максйим,ok
malish,малиш,ok
maljar,маляр,ik
maljets,малйетс,chik-ik
marshal,маршал,ok
mashtak,маштак,ok
massjiv,массйив,chik
mastjer,мастйер,ok
mat,мат,ik-ok
matchj,матчй,ik
matras,матрас,ik
matros,матрос,ik
mavr,мавр,ik
max,мах,ok
maxovjik,маховйик,ok
maz,маз,ik-ok
mis,мис,ik-ok
mjachj,мячй,ik-ok
mjechj,мйечй,ik
mjedaljjon,мйедалййон,chik
mjedvjedj,мйедвйедй,ik
mjel,мйел,ik-ok
mjenjshevjik,мйенйшевйик,ok
mjerjin,мйерйин,ok
mjerzavjets,мйерзавйетс,chik-ik
mjetall,мйеталл,ik
mjetalloplast,мйеталлопласт,ik
mjetatsentr,мйетатсентр,ik
mjetod,мйетод,ik
mjetr,мйетр,ik
mjex,мйех,ok
mjilljion,мйиллйион,chik
mjindalj,мйиндалй,ik
mjir,мйир,ok
mjiron,мйирон,chik
mjizjinjets,мйизйинйетс,chik-ik
mjod,мйод,ok
mladjenjets,младйенйетс,chik-ik
mol,мол,ik
molodjets,молодйетс,ik
molot,молот,ok
monstr,монстр,ik
mops,мопс,ik
mor,мор,ok
morgun,моргун,ok
morjak,моряк,ok
mosol,мосол,ok
most,мост,ik-ok
mot,мот,ok
motjiv,мотйив,chik
motor,мотор,chik
mox,мох,ok
moxovjik,моховйик,ok
mul,мул,ik
mundjir,мундйир,chik
muzh,муж,ik
muzhik,мужик,ok
muzikant,музикант,ik
nachjin,начйин,ok
naljim,налйим,chik
naplav,наплав,ok
nar,нар,ik-ok
nasad,насад,ok
nasos,насос,ik
njedodjel,нйедодйел,ok
njedoljiv,нйедолйив,ok
njedomjer,нйедомйер,ok
njedovjes,нйедовйес,ok
njemjets,нйемйетс,chik-ik
njiz,нйиз,ok
nolj,нолй,ik
nomjer,номйер,ok
nos,нос,ik-ok
novjik,новйик,ok
novosjol,новосйол,ok
nozh,нож,ik
nozhik,ножик,ok
nulj,нулй,ik
oblom,облом,ok
obnos,обнос,ok
obod,обод,ok
obraz,образ,ok
obrazjets,образйетс,ik
obriv,обрив,chik-ok
obrjez,обрйез,ok
obrub,обруб,ok
obruchj,обручй,ok
obsjev,обсйев,ok
obux,обух,ok
ochjag,очяг,ok
ochjos,очйос,ok
ofjitser,офйитсер,ik
ogorod,огород,ik
ogurjets,огурйетс,chik-ik
okop,окоп,chik
okorok,окорок,ok
oljein,олйеин,ik
oljenj,олйенй,ik
omut,омут,ok
opor,опор,ok
opt,опт,ik
organ,орган,chik-ik
orjex,орйех,ok
orjol,орйол,ik
orkjestr,оркйестр,ik
ort,орт,ik
osjol,осйол,ik-ok
osobnjak,особняк,ok
ost,ост,ik-ok
ostrog,острог,ok
ostrov,остров,ok
otbros,отброс,ok
otjelj,отйелй,chik
otljiv,отлйив,ok
otriv,отрив,ok
otrjad,отряд,ik
otrjez,отрйез,ok
otrub,отруб,ok
otsjev,отсйев,ok
otvod,отвод,ok
otzhim,отжим,ok
ovod,овод,ok
pak,пак,ok
pakjet,пакйет,ik
pakljen,паклйен,ik
pal,пал,chik-ik-ok
pan,пан,ik-ok
par,пар,ik-ok
parashut,парашут,ik
parnjik,парнйик,ok
parovjik,паровйик,ok
parovoz,паровоз,ik
paroxod,пароход,ik
pas,пас,ik-ok
pass,пасс,ik
pastux,пастух,ok
patjer,патйер,ik
patron,патрон,chik
patronjim,патронйим,ik
patsan,патсан,chik
pauk,паук,ok
pavjiljjon,павйилййон,chik
pax,пах,ok
paz,паз,ik
pazh,паж,ik
pil,пил,ok
pizh,пиж,ik
pjatak,пятак,ok
pjejs,пйейс,ik
pjejzazh,пйейзаж,ik
pjek,пйек,ok
pjerjekrjest,пйерйекрйест,ok
pjerjeljot,пйерйелйот,ok
pjerjets,пйерйетс,chik-ik
pjerjod,пйерйод,ok
pjers,пйерс,ik
pjersh,пйерш,ik
pjervachj,пйервачй,ok
pjervoproxodjets,пйервопроходйетс,ik
pjeskarj,пйескарй,ik
pjest,пйест,ik-ok
pjetux,пйетух,ok
pjidzhak,пйиджак,ok
pjik,пйик,ok
pjionjer,пйионйер,chik
pjirog,пйирог,ok
pjisjets,пйисйетс,ik
pjistoljet,пйистолйет,ik
pjiston,пйистон,chik
pjos,пйос,ok
plakat,плакат,ik
plan,план,chik-ok
plashshj,плашшй,ik
plast,пласт,ik-ok
plat,плат,ik-ok
plaun,плаун,ok
plav,плав,ik
plavnjik,плавнйик,ok
plavunjets,плавунйетс,chik-ik
pljazh,пляж,ik
pljen,плйен,ok
pljus,плюс,ik-ok
pljushshj,плюшшй,ik
plod,плод,ik
plot,плот,ik
plug,плуг,ok
pochjin,почйин,ok
pod,под,ok
podchjal,подчял,ok
poddon,поддон,ok
podljeshshj,подлйешшй,ik
podljot,подлйот,ok
podnos,поднос,ik-ok
podpjil,подпйил,ok
podpol,подпол,ok
podrjez,подрйез,ok
podrost,подрост,ok
podval,подвал,chik-ok
podvjes,подвйес,ok
podvorotnjik,подворотнйик,ok
poet,поет,ik
pogon,погон,chik
pogrjeb,погрйеб,ok
pojas,пояс,ok
poklon,поклон,chik-ik
pol,пол,ik-ok
poljak,поляк,ok
polk,полк,ok
polon,полон,ik
polovjik,половйик,ok
poloz,полоз,ok
poluostrov,полуостров,ok
poluval,полувал,ik
polzun,ползун,ok
pomjidor,помйидор,chik
pomjin,помйин,ok
pompon,помпон,chik
pop,поп,ik-ok
poprigun,попригун,chik
popugaj,попугай,chik
porox,порох,ok
port,порт,ik-ok
portrjet,портрйет,ik
posad,посад,ok
posljed,послйед,ok
posox,посох,ok
pot,пот,ok
potseluj,потселуй,chik
povod,повод,ok
pozhar,пожар,ok
pozjom,позйом,ok
prigun,пригун,chik-ok
prishshj,пришшй,ik
prjed,прйед,ok
prjedmjet,прйедмйет,ik
prjibor,прйибор,chik
prjigorod,прйигород,ok
prjiklad,прйиклад,ok
prjimjer,прйимйер,chik
prjirjez,прйирйез,ok
prjirost,прйирост,ok
prjisos,прйисос,ok
prjistup,прйиступ,ok
prjival,прйивал,ok
prjivar,прйивар,ok
prjivjes,прйивйес,ok
prorost,пророст,ok
prostak,простак,ok
protsent,протсент,ik
provod,провод,ok
provodnjik,проводнйик,ok
prud,пруд,ik-ok
prut,прут,ik-ok
psjix,псйих,ik
ptjenjets,птйенйетс,chik-ik
pud,пуд,ik-ok
puf,пуф,ik
puk,пук,ok
pul,пул,ik
punkt,пункт,ik
pup,пуп,ok
pups,пупс,ik
pustjak,пустяк,ok
putchj,путчй,ik
pux,пух,ok
puxovjik,пуховйик,ok
puzan,пузан,chik-ok
puzirj,пузирй,ik
rab,раб,ok
rad,рад,ik-ok
rak,рак,ok
ranjets,ранйетс,chik-ik
raspad,распад,ok
rasskaz,рассказ,ik
rasskazjets,рассказйетс,ik
rasstjegaj,расстйегай,chik
raxjit,рахйит,ik
raz,раз,ik-ok
razbojnjik,разбойнйик,ok
razgovor,разговор,chik
raznovjes,разновйес,ok
razum,разум,ok
ribak,рибак,ok
risak,рисак,ok
rjad,ряд,ok
rjejestr,рйейестр,ik
rjekrut,рйекрут,ik
rjestoran,рйесторан,chik
rjez,рйез,ok
rjezjets,рйезйетс,ik
rjis,рйис,ok
rjitor,рйитор,ik
rjov,рйов,ok
rjukzak,рюкзак,ok
rod,род,ik-ok
rodjimjets,родйимйетс,chik-ik
rodnjik,роднйик,ok
rog,рог,ok
rogalj,рогалй,ik
rok,рок,ok
rol,рол,ik
roman,роман,chik-ik-ok
romans,романс,ik
romb,ромб,ik
ross,росс,ik
rost,рост,ik-ok
rot,рот,ik-ok
rov,ров,ik-ok
rozan,розан,chik
rubjets,рубйетс,chik-ik
rubjezh,рубйеж,ok
rublj,рублй,ik
rudnjik,руднйик,ok
rukav,рукав,chik-ok
ruljet,рулйет,ik
rulon,рулон,chik
runduk,рундук,ok
rusak,русак,ok
rust,руст,ik
sad,сад,ik-ok
sadok,садок,ok
sak,сак,ok
salat,салат,ik
salon,салон,chik-ik
samovar,самовар,chik
san,сан,ok
sandal,сандал,ik
sangvjin,сангвйин,ik
sap,сап,ok
sapog,сапог,ok
sarafan,сарафан,chik
saraj,сарай,chik
satjir,сатйир,ik
saxar,сахар,ok
sazan,сазан,chik
schjastljivjets,счястлйивйетс,chik-ik
shag,шаг,ok
shalash,шалаш,ik
shar,шар,ik-ok
sharf,шарф,ik
shashlik,шашлик,ok
shax,шах,ok
shelom,шелом,ok
shest,шест,ik-ok
ship,шип,ik-ok
shish,шиш,ok
shkaf,шкаф,chik-ik
shlik,шлик,ok
shmat,шмат,ok
shnur,шнур,ok
shopot,шопот,ok
shpunt,шпунт,ik
shram,шрам,ik
shshjelkun,шшйелкун,chik
shshjip,шшйип,ok
shshjipjets,шшйипйетс,chik-ik
shshjit,шшйит,ik-ok
shshjokot,шшйокот,ok
shshjolk,шшйолк,ok
shshjup,шшюп,ik
shshjur,шшюр,ok
shtab,штаб,ik
shtamb,штамб,ik
shtamp,штамп,ik
shtik,штик,ok
shtjift,штйифт,ik
shtrjix,штрйих,ok
shturval,штурвал,chik
shum,шум,ok
shurup,шуруп,chik
shust,шуст,ik
shut,шут,ik-ok
shvjed,швйед,ok
sichj,сичй,ik
sin,син,ok
sir,сир,chik-ok
sirjets,сирйетс,ik
sjejm,сйейм,ik
sjekrjet,сйекрйет,ik
sjekrjetjets,сйекрйетйетс,ik
sjelj,сйелй,ik
sjerjednjak,сйерйедняк,ok
sjernjik,сйернйик,ok
sjerp,сйерп,ik-ok
sjet,сйет,ok
sjevjer,сйевйер,ik
sjibjirjak,сйибйиряк,ok
sjig,сйиг,ok
sjiljen,сйилйен,ok
sjinkljit,сйинклйит,ik
sjinod,сйинод,ik
sjitjets,сйитйетс,ik
sjurtuk,сюртук,ok
sjuzhet,сюжет,ik
skak,скак,ok
skandal,скандал,chik
skat,скат,ok
skjeljet,скйелйет,ik
skljiz,склйиз,ok
skol,скол,ok
skorpjion,скорпйион,chik
skrjip,скрйип,ok
skvjer,сквйер,ik
skvoznjak,сквозняк,ok
slad,слад,ok
sljed,слйед,ok
sljiv,слйив,ok
sljot,слйот,ok
slon,слон,ik
slovarj,словарй,ik
slux,слух,ok
smik,смик,ok
smjex,смйех,ok
snarjad,снаряд,ik
snjeg,снйег,ok
snop,сноп,ik-ok
sok,сок,ok
sokol,сокол,ik-ok
soldat,солдат,ik
solod,солод,ok
solovjej,соловйей,chik
som,сом,ik
son,сон,ok
sosjed,сосйед,ok
sosud,сосуд,ik
sosun,сосун,chik-ok
sovjet,совйет,ik
spjil,спйил,ok
spor,спор,ok
srjez,срйез,ok
srost,срост,ok
stakan,стакан,chik
stan,стан,chik-ik-ok
starjets,старйетс,chik-ik
starjik,старйик,ok
statjist,статйист,ik
stav,став,ok
stavjets,ставйетс,chik-ik
stjag,стяг,ok
stjekloplast,стйеклопласт,ik
stjen,стйен,ok
stjer,стйер,ik
stjix,стйих,ok
stog,стог,ok
stol,стол,ik
stolb,столб,ik-ok
ston,стон,ok
storozh,сторож,ok
strax,страх,ok
strjigun,стрйигун,ok
strug,струг,ok
studjent,студйент,ik
stuk,стук,ok
stul,стул,chik-ik
stvol,ствол,ik
sud,суд,ok
sudak,судак,ok
sudarj,сударй,ik
suk,сук,ok
sultan,султан,chik
sunduk,сундук,ok
sup,суп,chik
supjets,супйетс,ik
sustav,сустав,chik
suvjenjir,сувйенйир,chik
suxarj,сухарй,ik
svat,сват,ok
svjet,свйет,ik-ok
svjetljak,свйетляк,ok
svjist,свйист,ok
svjistun,свйистун,ok
svjitjer,свйитйер,ok
svod,свод,ik
sxolast,шоласт,ik
tabak,табак,ok
tabun,табун,ok
tagan,таган,ok
tajnjik,тайнйик,ok
takt,такт,ik
tal,тал,ik-ok
talant,талант,ik
talon,талон,chik
tampon,тампон,chik
tarakan,таракан,chik
taran,таран,ok
tarbagan,тарбаган,chik
tat,тат,ok
taz,таз,ik
tin,тин,ok
tjazh,тяж,ik
tjeatr,тйеатр,ik
tjeljefon,тйелйефон,chik
tjerjem,тйерйем,ok
tjerrjikon,тйеррйикон,ik
tjip,тйип,ik
tjipjets,тйипйетс,chik-ik
tjir,тйир,ik
tjiran,тйиран,chik
tjis,тйис,ok
tjitan,тйитан,ik
tjos,тйос,ok
tjufjak,тюфяк,ok
tjuk,тюк,ok
tjuljpan,тюлйпан,chik
tjutjun,тютюн,ik
tkachj,ткачй,ik
tok,ток,ok
tol,тол,ok
tolj,толй,ik
tolk,толк,ok
tolkachj,толкачй,ik
tolstjak,толстяк,ok
tom,том,ik-ok
ton,тон,ik-ok
top,топ,ik-ok
topor,топор,ik-ok
tor,тор,ik-ok
torg,торг,ok
torjets,торйетс,chik-ik-ok
tormoz,тормоз,ok
tort,торт,ik
tovar,товар,ok
traktjir,трактйир,chik
tramvaj,трамвай,chik
trjen,трйен,ik
trjeskun,трйескун,ok
trop,троп,ik
tros,трос,ik
trotuar,тротуар,chik
trup,труп,ik
trus,трус,ik
tsarj,тсарй,ik
tsentr,тсентр,ik
tsep,тсеп,ok
tsigan,тсиган,ok
tsiljindr,тсилйиндр,ik
tsvjet,тсвйет,ik-ok
tsvjetnjik,тсвйетнйик,ok
tujes,туйес,ok
tuk,тук,ok
tulup,тулуп,chik
tun,тун,ik
tungus,тунгус,ok
tupjik,тупйик,ok
tur,тур,ik-ok
tush,туш,ok
tut,тут,ik-ok
tuz,туз,ik
ubor,убор,ok
uchjenjik,учйенйик,ok
ud,уд,ok
udav,удав,chik
ugol,угол,ok
uk,ук,ok
ukol,укол,chik
upad,упад,ok
urod,урод,ok
us,ус,ik-ok
ushan,ушан,ok
ushat,ушат,ik
ustup,уступ,chik-ok
utjug,утюг,ok
uval,увал,chik
uzh,уж,ik-ok
uzjel,узйел,ok
uzor,узор,chik
vagon,вагон,chik
val,вал,ik-ok
valun,валун,chik
valux,валух,ok
var,вар,ok
vibros,виброс,ok
virjez,вирйез,ok
virost,вирост,ok
visjev,висйев,ok
vivod,вивод,ok
vizhim,вижим,ok
vjaz,вяз,ok
vjechjer,вйечйер,ok
vjenjed,вйенйед,ik
vjenjets,вйенйетс,chik-ik
vjeprj,вйепрй,ik
vjerjes,вйерйес,ok
vjerx,вйерх,ok
vjes,вйес,ok
vjetjer,вйетйер,ok
vjid,вйид,ik-ok
vjint,вйинт,ik
vjir,вйир,ok
vjis,вйис,ok
vjitamjin,вйитамйин,chik
vjjun,вйюн,ok
vnuk,внук,ok
vod,вод,ok
vodjevjilj,водйевйилй,chik
vodopad,водопад,ik
vojt,войт,ik
vokzal,вокзал,chik
vol,вол,ik-ok
volan,волан,chik
volk,волк,ok
volok,волок,ok
volos,волос,ik-ok
vopros,вопрос,ik
vor,вор,ok
vorobjej,воробйей,chik
voron,ворон,ok
vorot,ворот,ok
vorotnjik,воротнйик,ok
voz,воз,ik-ok
vozhak,вожак,ok
vulkan,вулкан,chik
xalat,халат,ik
xam,хам,ok
xan,хан,ik-ok
xarchj,харчй,ik-ok
xaz,хаз,ik
xjeruvjim,хйерувйим,chik
xlist,хлист,ik
xljost,хлйост,ok
xljup,хлюп,ik
xlop,хлоп,ok
xlopjets,хлопйетс,chik-ik
xobot,хобот,ok
xod,ход,ik-ok
xodun,ходун,ok
xolm,холм,ik
xolod,холод,ok
xolst,холст,ik
xomjak,хомяк,ok
xomut,хомут,ik
xon,хон,ik
xorj,хорй,ik
xoxol,хохол,ok
xoxot,хохот,ok
xram,храм,ik
xrap,храп,ok
xrjak,хряк,ok
xrjashshj,хряшшй,ik
xrjen,хрйен,ok
xrushshj,хрушшй,ik
xrustalj,хрусталй,ik
xutor,хутор,ok
xvat,хват,ok
xvost,хвост,ik
zabor,забор,chik
zad,зад,ok
zagon,загон,chik
zajezd,зайезд,ok
zakazjets,заказйетс,ik
zakut,закут,ok
zal,зал,chik-ok
zaljiv,залйив,chik
zam,зам,ok
zapax,запах,ok
zavod,завод,ik
zhar,жар,ik-ok
zhban,жбан,ok
zheltopuz,желтопуз,ik
zhelvak,желвак,ok
zhenjix,женйих,ok
zherjebjets,жерйебйетс,chik-ik
zhest,жест,ik-ok
zheton,жетон,chik
zhgut,жгут,ik
zhid,жид,ik-ok
zhim,жим,ok
zhir,жир,ik-ok
zhivjets,живйетс,chik-ik
zhivot,живот,ik-ok
zholob,жолоб,ok
zhor,жор,ik
zhornov,жорнов,ok
zhuk,жук,ok
zhuravlj,журавлй,ik
zhurnal,журнал,chik
zjatj,зятй,ik
zjemljak,зйемляк,ok
zjov,зйов,ok
znak,знак,ok
zob,зоб,ik-ok
zont,зонт,ik
zov,зов,ik
zrak,зрак,ok
zub,зуб,ik-ok
zubjets,зубйетс,chik-ik
zubr,зубр,ik
zvjerj,звйерй,ik
zvon,звон,ik-ok
zvuk,звук,ok
